#,Keyword,Country,Difficulty,Volume,CPC,CPS,Parent Keyword,Last Update,SERP Features,Global volume,Traffic potential,Global traffic potential,First seen,Intents
1,ucsi,my,33,12000,0.10,0.89,ucsi,2025-03-23 08:05:22,"People also ask,Local pack",15000,19000,22000,2015-09-01,"Informational,Navigational,Branded,Non-local"
2,cn ucsi,my,30,7700,0.25,1.04,ucsi cn,2025-03-23 13:10:37,Sitelinks,7700,16000,16000,2017-06-12,"Navigational,Branded,Non-local"
3,school,my,68,6500,0.15,0.21,school,2025-03-23 07:14:17,"People also ask,Sitelinks,Thumbnail,Knowledge panel,Local pack",887000,300,12000,2015-09-01,"Informational,Non-branded,Non-local"
4,help,my,51,4900,0.10,0.36,help university,2025-03-22 22:18:48,People also ask,573000,7900,8900,2015-09-01,"Informational,Navigational,Non-branded,Non-local"
5,iskl,my,8,4000,0.15,0.75,iskl,2025-03-23 10:03:27,Knowledge panel,7000,7500,9100,2015-09-01,"Informational,Navigational,Branded,Local"
6,primary school,my,15,2900,0.25,0.17,primary school,2025-03-22 07:07:08,"People also ask,Thumbnail,Knowledge panel",74000,90,4900,2015-09-02,"Informational,Non-branded,Non-local"
7,international school,my,63,2500,0.40,0.32,iskl,2025-03-22 19:19:03,"Local pack,People also ask,Knowledge panel,Sitelinks,Top stories,Thumbnail",36000,7500,9100,2015-09-01,"Informational,Commercial,Non-branded,Non-local"
8,help international school,my,3,2500,,0.83,help international school,2025-03-23 00:58:03,"People also ask,Knowledge panel",3000,2600,2700,2015-09-02,"Informational,Navigational,Branded,Non-local"
9,alice smith school,my,3,2400,,0.71,alice smith school,2025-03-23 05:00:43,"Local pack,People also ask",3300,4100,4500,2015-09-02,"Informational,Navigational,Branded,Local"
10,international school of kuala lumpur,my,19,2100,0.50,0.78,iskl,2025-03-19 09:39:32,"People also ask,Thumbnail,Knowledge panel,Video preview",3200,7500,8900,2015-09-01,"Informational,Navigational,Branded,Local"
11,his international school,my,0,2100,,,his international school,2025-03-19 09:17:33,"People also ask,Video preview",2200,800,800,2015-10-22,"Informational,Navigational,Branded,Non-local"
12,international school near me,my,46,1900,,1.59,international school near me,2025-03-22 23:39:44,"Local pack,Sitelinks,Thumbnail,People also ask",5500,1200,1300,2016-11-28,"Informational,Commercial,Non-branded,Local"
13,ucsi international school,my,9,1900,,0.78,ucsi international school,2025-03-21 23:40:58,"Local pack,People also ask",2300,2000,2100,2015-09-08,"Informational,Navigational,Branded,Non-local"
14,isp,my,61,1800,0.30,0.27,desa park city international school,2025-03-22 21:48:30,People also ask,239000,900,1000,2015-09-03,"Informational,Navigational,Non-branded,Non-local"
15,his,my,26,1700,0.09,0.32,smrhis,2025-03-18 23:21:53,Knowledge card,398000,200,200,2015-09-02,"Navigational,Branded,Non-local"
16,taylors,my,45,1700,0.06,0.57,taylor's university,2025-03-19 06:25:37,"People also ask,Video preview,Knowledge panel",15000,14000,19000,2015-09-01,"Informational,Navigational,Branded,Non-local"
17,sayfol international school,my,0,1500,,0.72,sayfol international school,2025-03-23 09:16:25,Local pack,1900,1000,1100,2015-09-01,"Informational,Navigational,Branded,Non-local"
18,school near me,my,30,1500,0.30,0.74,school near me,2025-03-19 00:58:38,"Local pack,Thumbnail",61000,600,600,2016-02-18,"Informational,Non-branded,Local"
19,sunway international school,my,2,1500,,0.77,sunway international school,2025-03-22 05:35:50,"People also ask,Sitelinks",1700,1200,1300,2015-09-01,"Informational,Navigational,Branded,Non-local"
20,iskl school,my,6,1400,,,iskl,2025-03-21 17:12:34,People also ask,1700,7300,8800,2016-04-29,"Informational,Navigational,Branded,Non-local"
21,taylors portal,my,13,1300,0.35,1.02,taylors portal,2025-03-21 02:40:15,,1400,2500,2600,2015-09-01,"Navigational,Branded,Non-local"
22,nexus international school,my,9,1200,,0.7,nexus international school malaysia,2025-03-20 04:57:12,"Local pack,People also ask",6700,1600,1700,2015-09-01,"Informational,Navigational,Branded,Non-local"
23,nexus international school malaysia,my,4,1200,,0.81,nexus international school malaysia,2025-03-23 15:56:14,"People also ask,Knowledge panel",1700,1000,1100,2015-10-19,"Informational,Navigational,Branded,Local"
24,alice smith international school,my,2,1200,,0.82,alice smith school,2025-03-22 21:15:59,"Local pack,People also ask",1400,4100,4500,2015-09-06,"Informational,Navigational,Branded,Non-local"
25,sis,my,52,1200,0.40,0.32,sis,2025-03-20 23:17:58,"Sitelinks,Thumbnail,Knowledge panel",533000,400,400,2015-09-01,"Navigational,Non-branded,Non-local"
26,smith,my,94,1000,,0.1,smith,2025-03-22 17:27:17,"Sitelinks,People also ask,Thumbnail,Local pack",183000,30,79000,2015-09-08,"Informational,Non-branded,Non-local"
27,alice smith,my,8,900,0.25,0.66,alice smith school,2025-03-22 10:00:27,"Local pack,People also ask",3700,4000,4400,2015-09-02,"Informational,Navigational,Branded,Non-local"
28,british international school,my,22,800,,0.52,british international school,2025-03-18 04:05:05,"Thumbnail,People also ask,Video preview",13000,1300,1600,2015-09-14,"Informational,Commercial,Non-branded,Non-local"
29,alice,my,89,700,0.03,0.19,alice,2025-03-23 06:24:41,"Sitelinks,People also ask,Thumbnail,Knowledge panel",697000,150,9700,2015-09-01,"Informational,Navigational,Branded,Non-local"
30,international school malaysia,my,57,600,,0.94,malaysia international school,2025-03-21 05:27:34,"Sitelinks,People also ask,Local pack,Thumbnail,Videos",1100,600,1000,2015-09-03,"Informational,Commercial,Non-branded,Non-local"
31,iskl ampang,my,0,600,0.20,0.39,iskl,2025-03-19 12:51:23,Video preview,600,7500,8900,2016-01-12,"Informational,Navigational,Branded,Local"
32,international school selangor,my,41,600,,,international school selangor,2025-03-19 17:26:39,"Local pack,Thumbnail,People also ask",600,350,350,2015-12-14,"Informational,Non-branded,Local"
33,international school kuala lumpur,my,62,600,,1.08,iskl,2025-03-19 11:36:04,"Local pack,People also ask,Knowledge panel,Thumbnail,Video preview",1300,7500,8900,2015-09-02,"Informational,Navigational,Non-branded,Local"
34,taylor's international school kuala lumpur,my,2,600,,0.67,taylor international school,2025-03-19 12:33:10,"People also ask,Knowledge panel,Video preview",600,1200,1200,2015-09-10,"Informational,Navigational,Branded,Local"
35,国际学校,my,0,500,0.35,,国际学校,2025-03-20 16:34:34,"Local pack,People also ask,Knowledge panel,Thumbnail",1400,300,300,2015-10-17,"Informational,Non-branded,Non-local"
36,taylors international,my,30,500,0.80,0.56,tiskl,2025-03-23 15:43:33,"People also ask,Knowledge panel",600,900,1000,2015-09-19,"Informational,Navigational,Branded,Non-local"
37,the international school of kuala lumpur (iskl),my,7,500,,,iskl,2025-03-23 09:33:46,People also ask,600,7500,9100,2016-06-20,"Navigational,Branded,Local"
38,kl international school,my,34,500,,0.84,iskl,2025-03-19 01:38:06,"Local pack,Thumbnail",1300,7500,8900,2015-11-11,"Informational,Navigational,Non-branded,Local"
39,international school in malaysia,my,41,500,,0.92,malaysia international school,2025-03-21 16:25:20,"Thumbnail,People also ask,Local pack,Sitelinks,Videos",1100,600,1000,2015-09-03,"Informational,Commercial,Non-branded,Non-local"
40,schools near me,my,40,500,0.25,,school near me,2025-03-15 09:43:07,"Local pack,Thumbnail",218000,600,600,2016-04-27,"Informational,Non-branded,Local"
41,sunway international school johor,my,3,450,,0.89,sunway international school johor,2025-03-16 06:56:11,"Thumbnail,People also ask,Video preview",450,150,150,2015-10-18,"Informational,Navigational,Branded,Local"
42,the alice smith school,my,7,450,,0.61,alice smith school,2025-03-14 17:17:58,"Sitelinks,Local pack,People also ask,Video preview",700,5800,6400,2015-09-08,"Informational,Navigational,Branded,Local"
43,iskl portal,my,3,450,0.20,,powerschool iskl,2025-03-13 22:40:38,Sitelinks,450,450,450,2021-08-02,"Navigational,Branded,Non-local"
44,alice smith school fees,my,2,450,,0.95,alice smith school fees,2025-03-19 04:43:24,People also ask,600,200,250,2015-11-17,"Informational,Commercial,Branded,Non-local"
45,malaysia school,my,33,400,,0.44,education level in malaysia,2025-03-17 06:57:49,"Thumbnail,People also ask,Local pack,Videos",1200,1600,2100,2015-09-12,"Informational,Non-branded,Non-local"
46,malaysia international school,my,52,400,,0.85,international school malaysia,2025-03-22 23:16:35,"Local pack,People also ask,Sitelinks,Thumbnail,Videos",1100,800,1200,2015-09-24,"Informational,Commercial,Non-branded,Non-local"
47,iskl fees,my,1,400,0.20,0.94,iskl school fees,2025-02-27 19:35:28,"Featured snippet,People also ask",500,150,150,2015-12-16,"Informational,Branded,Non-local"
48,help international school fees,my,1,400,,0.92,help international school fees,2025-03-02 03:17:19,"People also ask,Knowledge panel",450,250,250,2015-10-18,"Informational,Commercial,Non-branded,Non-local"
49,klass,my,5,350,,0.32,klass,2025-03-11 23:22:08,"People also ask,Local pack,Video preview",20000,250,250,2015-09-02,"Informational,Navigational,Branded,Non-local"
50,the international school of kuala lumpur,my,19,350,,0.86,iskl,2025-02-28 08:03:55,"Sitelinks,People also ask,Video preview,Knowledge panel",600,6500,7700,2016-03-08,"Informational,Navigational,Branded,Local"
51,sunway international school fees,my,0,350,,1.57,sunway international school fees,2025-03-15 03:36:46,People also ask,500,200,200,2015-12-19,"Informational,Commercial,Branded,Non-local"
52,international school kl,my,61,350,,1.28,iskl,2025-03-10 18:10:21,"Local pack,People also ask,Thumbnail,Video preview",500,8300,10000,2015-12-15,"Informational,Navigational,Non-branded,Local"
53,isp international school,my,1,350,,,isp,2025-03-01 07:28:53,"Sitelinks,People also ask,Video preview,Knowledge panel",500,1300,1300,2015-09-04,"Informational,Navigational,Branded,Non-local"
54,usci,my,33,350,0.15,0.39,ucsi,2025-03-14 09:26:26,"Sitelinks,Local pack,People also ask,Video preview",6500,23000,28000,2015-09-09,"Informational,Navigational,Branded,Non-local"
55,ucsi international school kuala lumpur,my,5,350,,,ucsi international school,2025-03-22 10:28:56,"People also ask,Sitelinks",500,2000,2100,2020-08-05,"Informational,Branded,Local"
56,desa park city international school,my,1,350,,0.64,desa park city international school,2025-03-09 23:29:12,"Sitelinks,Knowledge panel,People also ask,Video preview",400,1400,1400,2015-09-14,"Informational,Navigational,Branded,Local"
57,parkcity,my,30,350,0.35,0.27,desa park city kuala lumpur,2025-03-22 22:15:25,"Thumbnail,Sitelinks,People also ask,Videos",3100,40,50,2015-10-06,"Informational,Navigational,Branded,Local"
58,sayfol,my,0,300,0.25,0.74,sayfol international school,2025-03-23 00:11:46,Local pack,300,1000,1100,2015-09-06,"Informational,Navigational,Branded,Non-local"
59,boarding school malaysia,my,5,300,,0.89,boarding school in malaysia,2025-03-20 10:55:02,"Local pack,People also ask,Thumbnail,Sitelinks",500,200,200,2015-09-22,"Informational,Commercial,Non-branded,Non-local"
60,international school of kuala lumpur photos,my,5,300,,,iskl school,2025-03-11 12:04:44,"Thumbnail,People also ask,Video preview",300,600,700,2021-05-04,"Informational,Branded,Local"
61,iskl international school,my,7,300,,,iskl,2025-03-19 03:19:32,"People also ask,Video preview",400,7500,8900,2015-09-08,"Informational,Navigational,Branded,Non-local"
62,schools,my,42,300,0.15,0.22,school,2025-03-06 12:20:39,"Local pack,People also ask,Thumbnail,Videos,Top stories",66000,700,89000,2015-09-01,"Informational,Non-branded,Non-local"
63,taylor's international school,my,6,300,,0.69,tiskl,2025-03-13 10:51:21,"Sitelinks,People also ask,Knowledge panel,Video preview",350,1600,1700,2015-09-14,"Navigational,Branded,Non-local"
64,isp school,my,4,300,,0.7,isp,2025-02-25 13:33:17,"Sitelinks,People also ask,Knowledge panel,Video preview",1100,1300,1300,2015-10-06,"Informational,Navigational,Branded,Non-local"
65,tiskl,my,2,300,0.04,0.88,tiskl,2025-03-21 16:43:32,Knowledge panel,350,900,900,2015-09-14,"Informational,Navigational,Branded,Local"
66,international school in kl,my,65,300,,1.21,international school near me,2025-02-26 02:09:30,"Local pack,People also ask,Thumbnail",450,1100,1300,2015-09-02,"Informational,Commercial,Non-branded,Local"
67,school malaysia,my,8,250,,0.51,school malaysia,2025-02-24 15:06:02,"Local pack,People also ask,Thumbnail,Videos",300,150,200,2015-09-01,"Informational,Non-branded,Non-local"
68,international school ampang,my,56,250,,,private school,2025-03-01 08:40:59,"Local pack,Thumbnail,People also ask,Video preview",300,0,0,2015-09-16,"Informational,Commercial,Non-branded,Local"
69,taylor's education group,my,7,250,0.02,0.86,taylor's education group,2025-03-16 16:19:42,"Sitelinks,People also ask,Video preview,Knowledge panel",250,400,700,2015-09-18,"Informational,Navigational,Branded,Non-local"
70,private school malaysia,my,35,250,,1.08,school near me,2025-02-27 20:31:41,"Local pack,People also ask,Thumbnail",300,900,1000,2015-09-12,"Informational,Commercial,Non-branded,Non-local"
71,kuala lumpur international school,my,18,250,,0.54,iskl,2025-03-05 23:07:24,"Sitelinks,Local pack,People also ask,Video preview",600,6500,7800,2015-09-01,"Informational,Navigational,Branded,Local"
72,asis school,my,6,250,,,sm sains alam shah,2025-03-09 16:19:45,"Thumbnail,Knowledge panel,People also ask,Video preview",400,350,350,2016-03-03,"Informational,Branded,Non-local"
73,powerschool iskl,my,1,250,0.25,,powerschool iskl,2025-03-11 04:39:11,Sitelinks,250,450,450,2017-03-14,"Navigational,Branded,Local"
74,international school parkcity,my,1,250,,0.84,desa park city international school,2025-03-11 13:35:23,"Sitelinks,Knowledge panel,People also ask,Video preview",350,1400,1400,2015-12-05,"Informational,Navigational,Branded,Local"
75,the international school at parkcity photos,my,2,250,,,the international school at parkcity photos,2025-03-02 09:18:48,"Thumbnail,Knowledge panel,Video preview,People also ask",250,90,90,2022-07-03,"Informational,Branded,Local"
76,best school in malaysia,my,9,250,,0.97,best international school in malaysia,2025-03-06 13:12:23,"People also ask,Thumbnail,Local pack,Video preview",350,600,700,2015-10-22,"Informational,Commercial,Non-branded,Local"
77,private school in malaysia,my,2,250,,1.26,private school near me,2025-03-06 22:12:40,"Local pack,People also ask,Thumbnail,Video preview",450,900,900,2015-09-03,"Informational,Non-branded,Non-local"
78,iskl school fees,my,1,250,,,international school of kuala lumpur,2025-03-14 21:22:47,People also ask,300,700,700,2017-02-16,"Informational,Commercial,Branded,Non-local"
79,school in malaysia,my,38,200,,0.41,school malaysia,2025-03-16 00:55:56,"Local pack,People also ask,Thumbnail,Videos",450,150,200,2015-09-03,"Informational,Non-branded,Non-local"
80,student portal taylors,my,11,200,0.35,1,taylors portal,2025-03-14 12:22:25,,200,2800,2900,2015-09-08,"Navigational,Branded,Non-local"
81,ucsi kl,my,11,200,0.15,0.45,ucsi college,2025-03-02 13:06:35,"Sitelinks,People also ask,Video preview,Knowledge panel",200,150,150,2015-09-09,"Informational,Navigational,Branded,Local"
82,school website,my,66,200,,0.85,school website,2025-03-02 18:58:09,"People also ask,Thumbnail,Knowledge panel",8300,60,4700,2015-09-09,"Informational,Navigational,Non-branded,Non-local"
83,help international school calendar,my,1,200,,,school holiday 2024,2025-03-16 10:15:16,People also ask,200,2900,3000,2015-10-19,"Informational,Navigational,Non-branded,Non-local"
84,sunway international school sunway city kuala lumpur reviews,my,1,200,,,sunway international school sunway city kuala lumpur reviews,2025-02-28 16:46:06,"Discussions,Thumbnail,Knowledge panel,People also ask,Video preview",200,70,70,2022-08-06,"Informational,Commercial,Branded,Local"
85,the international school at parkcity reviews,my,0,200,,,the international school at parkcity reviews,2025-03-15 12:28:37,"Thumbnail,Sitelinks,Knowledge panel,People also ask,Video preview",250,70,70,2022-07-11,"Informational,Commercial,Branded,Local"
86,international school in kuala lumpur,my,62,200,,2.13,iskl,2025-02-24 16:32:44,"Local pack,People also ask,Thumbnail,Video preview",450,7000,8100,2015-09-04,"Informational,Commercial,Non-branded,Local"
87,吉隆坡国际学校,my,0,200,0.20,,iskl,2025-03-15 22:55:07,"Thumbnail,People also ask,Video preview",300,6900,8300,2016-09-20,"Informational,Navigational,Branded,Local"
88,international schools in malaysia,my,41,200,0.35,1.07,malaysia international school,2025-03-17 21:08:42,"Local pack,People also ask,Thumbnail,Videos",900,600,1000,2015-09-07,"Informational,Non-branded,Non-local"
89,ucsi malaysia,my,36,200,0.20,0.81,ucsi,2025-03-22 15:57:57,"People also ask,Knowledge panel",600,19000,22000,2015-09-02,"Informational,Navigational,Branded,Non-local"
90,top 10 international school in malaysia,my,4,200,,,best international school in malaysia,2025-02-28 15:28:13,Video preview,250,700,700,2015-09-04,"Informational,Commercial,Non-branded,Non-local"
91,primary school malaysia,my,1,200,,0.36,primary school,2025-03-22 04:46:57,"Local pack,People also ask,Thumbnail,Sitelinks",300,250,250,2015-11-16,"Informational,Non-branded,Non-local"
92,taylors student portal,my,12,200,0.35,1.04,taylors portal,2025-02-27 15:37:41,,200,2800,2900,2015-09-05,"Navigational,Branded,Non-local"
93,secondary school malaysia,my,12,200,,0.4,secondary school,2025-03-19 17:21:59,"Local pack,People also ask",250,200,200,2015-09-16,"Informational,Non-branded,Non-local"
94,iskl uniform,my,6,200,0.06,,iskl uniform,2025-03-15 04:25:29,"Thumbnail,People also ask",250,100,100,2015-09-04,"Informational,Branded,Non-local"
95,help subang,my,1,150,0.20,0.56,help university subang 2,2025-03-19 07:46:58,"Thumbnail,People also ask,Video preview",150,900,900,2016-02-21,"Informational,Branded,Local"
96,nexus international school malaysia reviews,my,1,150,,,nexus international school malaysia,2025-03-13 12:16:23,"AI overview,Discussions,People also ask,Knowledge panel",150,150,200,2022-07-06,"Informational,Commercial,Branded,Local"
97,international schools near me,my,62,150,0.45,,international school near me,2025-03-22 02:35:59,"Local pack,People also ask,Sitelinks,Thumbnail",4100,1200,1300,2018-02-26,"Informational,Commercial,Non-branded,Local"
98,iskl powerschool,my,0,150,0.25,,iskl portal,2025-03-03 17:02:33,Sitelinks,150,300,300,2017-02-26,"Navigational,Branded,Non-local"
99,private school in kl,my,16,150,,1.99,private school in kl,2025-03-02 04:42:45,"Local pack,People also ask,Thumbnail,Video preview",250,400,400,2015-10-01,"Informational,Commercial,Non-branded,Local"
100,international schools in kl,my,55,150,0.45,1.41,international school near me,2025-02-25 03:26:13,"Local pack,People also ask,Thumbnail,Video preview",250,1000,1200,2015-09-17,"Informational,Commercial,Non-branded,Local"
101,alice smith school calendar,my,0,150,,,school holiday 2024,2025-03-19 18:26:48,Thumbnail,150,3000,3100,2016-04-05,"Informational,Branded,Non-local"
102,sekolah sri ucsi kuala lumpur,my,0,150,,,sekolah sri ucsi kuala lumpur,2025-03-15 22:51:51,"Sitelinks,Video preview",150,200,200,2021-04-29,"Informational,Navigational,Branded,Local"
103,park city international school,my,1,150,,0.84,desa park city international school,2025-03-13 12:16:38,"Sitelinks,Knowledge panel,People also ask,Video preview",150,1400,1400,2016-01-23,"Informational,Navigational,Branded,Local"
104,ucsi cheras,my,8,150,0.15,0.51,ucsi college,2025-03-13 23:02:54,"Local pack,Sitelinks,Video preview",200,250,250,2015-09-12,"Informational,Navigational,Branded,Local"
105,igcse schools in malaysia,my,1,150,0.30,,igcse schools in malaysia,2025-03-18 00:03:51,"Local pack,People also ask,Thumbnail,Video preview",200,150,200,2015-09-08,"Informational,Commercial,Non-branded,Local"
106,primary international school,my,0,150,,,primary international school,2025-02-24 08:47:14,"Local pack,Thumbnail,People also ask",400,150,150,2017-07-03,"Informational,Commercial,Non-branded,Non-local"
107,british school kuala lumpur,my,18,150,,0.86,british international school,2025-03-04 06:22:57,"Sitelinks,People also ask,Video preview,Knowledge panel",250,1200,1600,2015-09-14,"Informational,Commercial,Non-branded,Local"
108,international schools in kuala lumpur,my,55,150,0.35,1.33,international school near me,2025-03-17 01:10:02,"Local pack,People also ask,Thumbnail,Video preview",500,1800,1900,2015-10-09,"Informational,Commercial,Non-branded,Local"
109,tis,my,55,150,0.05,0.22,tiskl,2025-03-22 14:39:03,,95000,900,900,2015-09-07,"Informational,Navigational,Non-branded,Non-local"
110,sekolah international,my,64,150,,,malaysia international school,2025-03-19 11:18:04,"Local pack,Knowledge panel,Thumbnail,Sitelinks",200,600,1000,2015-11-14,"Informational,Commercial,Non-branded,Non-local"
111,secondary school in malaysia,my,3,150,,0.34,secondary school,2025-03-04 08:45:45,"Featured snippet,People also ask,Local pack,Video preview",200,80,80,2015-10-09,"Informational,Non-branded,Non-local"
112,desa park international school,my,2,150,,,isp,2025-02-28 12:54:06,"Sitelinks,Knowledge panel,People also ask,Video preview",150,1300,1300,2015-09-27,"Informational,Navigational,Branded,Local"
113,iskl malaysia,my,6,150,0.20,0.71,iskl,2025-03-14 14:06:57,"Sitelinks,People also ask,Video preview",350,8300,10000,2015-10-10,"Informational,Navigational,Non-branded,Non-local"
114,international school in selangor,my,41,150,,1.52,international school selangor,2025-03-14 08:22:06,"Local pack,Thumbnail,People also ask",300,700,700,2015-09-30,"Informational,Commercial,Non-branded,Local"
115,shah alam international school,my,19,150,,,international school near me,2025-03-13 10:56:47,"Local pack,Thumbnail,Sitelinks,Video preview",200,900,900,2016-03-22,"Informational,Commercial,Non-branded,Local"
116,the international school @ parkcity,my,2,150,,0.71,isp,2025-03-03 18:07:58,"Sitelinks,People also ask,Knowledge panel,Video preview",200,1200,1300,2015-11-26,"Informational,Navigational,Branded,Local"
117,ucsi university kl,my,31,150,0.15,0.65,ucsi,2025-03-02 07:12:05,"Sitelinks,People also ask,Video preview,Knowledge panel",200,18000,21000,2015-10-31,"Informational,Navigational,Branded,Local"
118,iskl logo,my,0,100,,,iskl,2025-03-01 13:14:53,"Sitelinks,People also ask,Top stories,Video preview",100,7000,8300,2016-09-25,"Informational,Navigational,Branded,Non-local"
119,private school kuala lumpur,my,40,100,,,sri bestari private school,2025-03-22 19:44:15,"Local pack,Sitelinks,Thumbnail,People also ask",150,1500,1500,2015-11-15,"Informational,Commercial,Non-branded,Local"
120,alice smith school reviews,my,0,100,,,alice smith school reviews,2025-03-15 18:32:03,"Local pack,People also ask,Discussions",150,20,20,2019-11-28,"Informational,Commercial,Branded,Local"
121,alice smith secondary school,my,0,100,,,alice smith school,2025-03-18 01:21:12,"Sitelinks,People also ask,Knowledge panel,Video preview,Bottom ads",100,3800,4200,2015-10-28,"Informational,Navigational,Branded,Non-local"
122,sunway university address,my,6,100,0.01,0.32,0374918622,2025-02-27 18:22:46,"Local pack,People also ask,Video preview",100,40,40,2015-09-07,"Informational,Branded,Non-local"
123,iskl community portal,my,5,100,,,iskl portal,2025-03-05 10:11:53,Sitelinks,150,300,300,2020-02-23,"Navigational,Branded,Non-local"
124,british international school kl,my,27,100,,0.85,bskl,2025-03-03 06:36:39,"Sitelinks,People also ask,Video preview",200,4300,4600,2015-09-07,"Informational,Navigational,Branded,Local"
125,nexus international school malaysia fees,my,0,100,,,nexus international school malaysia fees,2025-03-15 04:30:47,"Top ads,People also ask",150,90,100,2016-08-30,"Informational,Commercial,Branded,Non-local"
126,sis international school,my,14,100,,,straits international school,2025-03-18 11:11:17,"Sitelinks,People also ask,Video preview",1000,1000,1000,2016-01-18,"Informational,Navigational,Branded,Non-local"
127,schools in kl,my,57,100,0.40,,schools in kl,2025-03-18 08:51:26,"Local pack,People also ask,Thumbnail",200,100,100,2017-03-12,"Informational,Non-branded,Local"
128,klass school,my,4,100,,,alice smith school,2025-03-03 06:49:07,"Sitelinks,Video preview,People also ask",150,3700,4000,2016-02-01,"Informational,Navigational,Branded,Non-local"
129,alice smith school photos,my,1,100,,,alice smith school photos,2025-03-02 11:51:40,"Thumbnail,People also ask,Video preview",100,80,100,2022-04-23,"Informational,Non-branded,Local"
130,iskl address,my,1,100,0.03,,iskl,2025-03-01 20:43:55,"Knowledge card,Knowledge panel,People also ask,Thumbnail",100,6800,8100,2017-01-09,"Informational,Branded,Non-local"
131,taylor's portal,my,12,100,0.35,1,taylors portal,2025-02-26 02:14:25,,150,2800,2900,2015-09-02,"Navigational,Branded,Non-local"
132,malaysian school,my,12,100,,0.33,malaysia education,2025-02-27 20:02:34,"Thumbnail,People also ask,Videos",250,2400,2900,2015-09-13,"Informational,Non-branded,Non-local"
133,schools in malaysia,my,7,100,0.30,0.56,school malaysia,2025-02-25 13:35:38,"Local teaser pack,People also ask,Thumbnail,Video preview",450,150,200,2015-09-14,"Informational,Non-branded,Non-local"
134,nexus international,my,5,100,,,nexus international school malaysia,2025-03-18 01:18:03,"Sitelinks,Local pack,People also ask,Video preview",800,1600,1700,2015-11-15,"Informational,Navigational,Branded,Non-local"
135,international schools,my,59,100,0.35,0.89,malaysia international school,2025-03-18 19:27:57,"Local pack,Thumbnail,People also ask,Video preview,Knowledge panel",5800,600,1000,2015-09-25,"Informational,Non-branded,Non-local"
136,english schools in malaysia,my,42,100,0.40,,malaysia international school,2025-03-02 16:58:07,"Local pack,People also ask,Thumbnail,Video preview",100,500,1000,2018-04-01,"Informational,Commercial,Non-branded,Local"
137,sayfol international school fees,my,0,100,,1.06,sayfol international school fees,2025-03-17 16:58:14,"Thumbnail,People also ask,Knowledge panel",100,30,30,2015-09-12,"Informational,Commercial,Branded,Non-local"
138,ampang international school,my,22,100,,,iskl,2025-03-03 11:18:32,"Local pack,Thumbnail,People also ask,Video preview",150,6500,7800,2015-11-13,"Informational,Navigational,Non-branded,Local"
139,isp malaysia,my,8,100,0.35,0.82,isp,2025-03-02 02:13:35,"People also ask,Local pack,Video preview",200,1300,1300,2015-09-02,"Informational,Non-branded,Non-local"
140,taylor's student portal,my,12,100,,1.06,taylors portal,2025-02-28 13:17:44,,100,2800,2900,2015-09-01,"Navigational,Branded,Non-local"
141,taylors international school,my,3,90,,0.77,tiskl,2025-03-13 23:06:43,"Sitelinks,Local pack,People also ask,Video preview",100,1600,1700,2015-09-06,"Informational,Navigational,Branded,Non-local"
142,primary school near me,my,0,90,,,schools near me,2025-02-25 11:29:47,"Local teaser pack,Thumbnail",6900,300,300,2016-08-09,"Informational,Non-branded,Local"
143,international school seri kembangan,my,12,90,,,alice smith school,2025-03-16 17:27:18,"Local pack,Thumbnail,Video preview",100,3900,4300,2016-01-18,"Informational,Commercial,Non-branded,Local"
144,alice smith international school fees,my,2,90,,,alice smith school fees,2025-03-01 20:49:49,People also ask,100,250,250,2015-11-25,"Informational,Commercial,Branded,Non-local"
145,padang iskl ampang,my,0,90,,,iskl,2025-03-17 18:31:58,"Video preview,Thumbnail,Knowledge panel",90,6900,8300,2019-04-06,"Informational,Branded,Local"
146,international primary school,my,13,90,,,primary international school,2025-03-18 11:55:00,"Thumbnail,Local pack,People also ask,Sitelinks",1400,100,100,2016-02-01,"Informational,Non-branded,Non-local"
147,private school kl,my,17,90,,,private school near me,2025-03-05 10:37:59,"Local pack,Thumbnail,Video preview",90,900,900,2015-09-30,"Informational,Commercial,Non-branded,Local"
148,parkcity international school,my,1,90,,,isp,2025-03-15 20:37:11,"Sitelinks,Video preview,Knowledge panel",100,1200,1300,2015-09-10,"Informational,Navigational,Branded,Local"
149,malaysia private school,my,3,90,,0.66,private school near me,2025-03-14 23:27:55,"Local pack,People also ask,Thumbnail,Video preview",100,1000,1100,2015-09-18,"Informational,Commercial,Non-branded,Non-local"
150,international school cyberjaya,my,30,90,,1.11,international school cyberjaya,2025-03-18 17:11:16,"Local pack,Thumbnail,Video preview",100,150,150,2015-09-12,"Informational,Commercial,Non-branded,Local"
151,sri ucsi kl,my,1,90,0.20,,sekolah sri ucsi kuala lumpur,2025-03-21 05:17:46,Local pack,100,250,250,2021-04-27,"Informational,Navigational,Branded,Local"
152,iskl old campus,my,1,90,0.02,,iskl old campus,2025-03-23 08:58:48,"Thumbnail,Sitelinks,People also ask",100,80,80,2019-02-14,"Informational,Branded,Local"
153,taylor student portal,my,19,90,0.35,1.01,taylors portal,2025-03-14 00:00:21,,150,3100,3200,2015-09-01,"Navigational,Branded,Non-local"
154,ucsi international school kuala lumpur reviews,my,0,90,,,ucsi international school,2025-03-05 13:18:38,"Knowledge panel,Video preview",100,1800,2000,2022-07-21,"Informational,Commercial,Branded,Local"
155,sekolah swasta kuala lumpur,my,2,80,,,sekolah swasta terengganu,2025-02-27 22:23:43,"Local pack,Thumbnail,Video preview",80,200,200,2015-10-04,"Informational,Non-branded,Local"
156,best private school in malaysia,my,7,80,,0.89,best private school in malaysia,2025-03-01 02:02:24,"People also ask,Local pack",150,60,60,2015-10-15,"Informational,Commercial,Non-branded,Non-local"
157,kl school,my,56,80,,,iskl,2025-03-21 20:16:18,"Local pack,People also ask,Sitelinks,Thumbnail",150,7300,8700,2015-09-06,"Informational,Navigational,Non-branded,Local"
158,taylor's,my,39,80,,0.62,taylor university,2025-02-24 06:51:11,"Thumbnail,Local pack,Video preview",1200,14000,19000,2015-10-07,"Informational,Navigational,Branded,Non-local"
159,secondary school near me,my,21,80,,,private school near me,2025-03-18 03:42:42,"Local pack,Thumbnail",3100,1000,1100,2016-12-25,"Non-branded,Local"
160,best international school in kl,my,55,80,,,best international school in kl,2025-02-25 20:00:08,"Thumbnail,Local pack,People also ask,Discussions,Video preview",100,100,100,2015-09-27,"Informational,Commercial,Non-branded,Local"
161,british international school of kuala lumpur,my,36,80,,0.73,british international school,2025-02-27 18:54:43,"Sitelinks,Local pack,People also ask,Video preview",150,1400,1600,2015-09-01,"Informational,Navigational,Branded,Local"
162,iskl campus,my,1,80,,,iskl campus,2025-03-18 01:35:13,"Thumbnail,People also ask,Sitelinks,Video preview",100,70,70,2019-08-29,"Informational,Navigational,Branded,Local"
163,alice smith school seri kembangan,my,0,80,,,alice smith school,2025-03-07 13:17:56,"Sitelinks,People also ask",90,3700,4000,2016-02-17,"Informational,Navigational,Branded,Local"
164,ucsi international school cheras,my,2,80,,,ucsi international school,2025-03-01 07:01:53,"Top ads,Paid sitelinks,Sitelinks,People also ask,Video preview",80,1900,2100,2016-09-29,"Informational,Navigational,Branded,Local"
165,help school,my,34,80,,,help international school,2025-02-28 02:56:13,"Sitelinks,People also ask,Video preview,Knowledge panel",200,2500,2600,2015-10-01,"Informational,Navigational,Non-branded,Non-local"
166,english school in malaysia,my,22,70,,,malaysia international school,2025-03-18 08:15:47,"Local pack,Thumbnail,Sitelinks,Videos,Video preview",100,600,1000,2015-10-29,"Informational,Commercial,Non-branded,Local"
167,help institute,my,16,70,0.25,0.72,help university,2025-03-06 09:32:46,"Sitelinks,People also ask,Knowledge panel",100,7300,8300,2015-09-06,"Informational,Navigational,Branded,Non-local"
168,sayfol international school sabah,my,0,70,,0.8,sayfol international school sabah,2025-03-06 19:28:48,"Thumbnail,People also ask,Video preview,Knowledge panel",80,50,60,2015-09-03,"Informational,Branded,Local"
169,best schools in kuala lumpur,my,34,70,0.35,,best school in malaysia,2025-03-15 01:35:09,"Local pack,People also ask,Discussions,Video preview",200,300,400,2015-09-24,"Informational,Commercial,Non-branded,Local"
170,the international school at parkcity,my,2,70,,0.78,isp,2025-02-24 21:45:59,"Thumbnail,People also ask,Knowledge panel,Video preview",90,1300,1300,2015-09-28,"Informational,Navigational,Branded,Local"
171,private school subang jaya,my,16,70,,,ucsi international school subang jaya,2025-03-17 03:31:57,"Local pack,Thumbnail,Video preview",70,150,150,2016-03-23,"Informational,Commercial,Non-branded,Local"
172,malaysia secondary school,my,12,70,,0.23,secondary school,2025-03-07 05:20:30,"Local pack,People also ask,Thumbnail,Video preview",150,200,200,2015-09-01,"Informational,Non-branded,Non-local"
173,alice smith primary school,my,2,70,,,alice smith school,2025-02-27 00:25:28,"Sitelinks,People also ask",80,3800,4200,2016-01-17,"Informational,Navigational,Branded,Non-local"
174,international school puchong,my,17,70,,1.11,international school near me,2025-03-19 06:38:04,"Local pack,Thumbnail,Video preview",80,800,800,2015-11-07,"Informational,Commercial,Non-branded,Local"
175,international school setapak,my,51,70,,,international school setapak,2025-02-27 15:23:09,"Local pack,Thumbnail,Video preview",70,30,30,2016-12-06,"Informational,Commercial,Non-branded,Local"
176,国际学校马来西亚,my,0,70,0.15,,国际学校,2025-02-26 02:12:59,"Thumbnail,Local pack,People also ask,Video preview",70,300,300,2016-03-05,"Informational,Non-branded,Non-local"
177,top international schools in malaysia,my,22,70,0.20,,best international school in malaysia,2025-02-24 13:28:15,,150,700,700,2015-09-07,"Informational,Commercial,Non-branded,Non-local"
178,alice smith seri kembangan,my,0,70,,,alice smith school,2025-03-17 21:09:49,"Sitelinks,Video preview",70,3800,4200,2016-08-14,"Informational,Navigational,Branded,Local"
179,list of international school in malaysia,my,4,70,,1.49,international school in malaysia,2025-03-13 08:08:19,Local pack,100,1200,1900,2015-10-04,"Informational,Non-branded,Non-local"
180,international secondary school,my,24,70,,,secondary school in malaysia,2025-03-14 05:52:43,"Local teaser pack,Thumbnail,People also ask,Video preview",600,150,150,2016-03-06,"Informational,Non-branded,Non-local"
181,best schools in malaysia,my,13,70,0.20,0.85,best international school in malaysia,2025-03-03 06:11:47,"People also ask,Local pack,Video preview",150,600,700,2015-09-03,"Informational,Commercial,Non-branded,Non-local"
182,alice smith equine park,my,1,60,,,alice smith school,2025-03-14 20:50:59,"Sitelinks,People also ask",60,4000,4400,2016-04-16,"Informational,Branded,Local"
183,international schools kl,my,62,60,0.40,,international school near me,2025-03-22 16:20:16,"Local pack,Sitelinks,People also ask,Thumbnail",200,1200,1300,2015-09-30,"Informational,Non-branded,Local"
184,international school desa park city,my,1,60,,,desa park city international school,2025-03-20 18:32:37,"People also ask,Knowledge panel",70,900,1000,2015-09-10,"Informational,Navigational,Branded,Local"
185,padang iskl,my,0,60,,,iskl,2025-02-27 19:13:28,"Sitelinks,Video preview,Knowledge panel",60,6500,7700,2019-10-05,"Informational,Navigational,Branded,Local"
186,desa park.city,my,23,60,,,desa park city,2025-02-24 03:57:46,"Sitelinks,Thumbnail,Videos,Video preview",60,2400,2700,2015-10-05,"Navigational,Non-branded,Local"
187,alice smith school kuala lumpur,my,2,60,,,alice smith school,2025-02-26 21:57:02,"Sitelinks,People also ask,Video preview",150,3700,4100,2015-10-11,"Informational,Navigational,Branded,Local"
188,nexus kl,my,2,60,0.15,0.35,nexus bangsar,2025-03-01 03:16:09,"Sitelinks,Knowledge panel,Video preview",90,800,800,2015-09-10,"Informational,Navigational,Non-branded,Local"
189,taylor international school kl,my,2,60,,0.69,taylor international school,2025-03-03 15:46:55,"Sitelinks,People also ask,Video preview,Knowledge panel",60,1200,1200,2015-09-11,"Informational,Navigational,Branded,Local"
190,international schools malaysia,my,39,60,0.30,0.95,malaysia international school,2025-03-06 08:30:19,"Local pack,People also ask,Thumbnail",200,500,1000,2015-11-09,"Informational,Non-branded,Non-local"
191,selangor international school,my,33,60,,,international school selangor,2025-03-17 02:12:30,"Thumbnail,People also ask,Knowledge panel,Video preview",90,350,400,2016-01-26,"Informational,Non-branded,Local"
192,british school kl,my,18,60,,,british international school,2025-03-14 12:21:52,"Sitelinks,People also ask,Knowledge panel",90,1600,2000,2016-02-24,"Informational,Commercial,Non-branded,Local"
193,iskl career,my,0,60,0.04,,international school job vacancy,2025-03-02 19:37:11,Video preview,70,10,10,2015-12-08,"Informational,Navigational,Branded,Non-local"
194,private schools in malaysia,my,2,60,0.20,1.32,private school near me,2025-03-18 10:24:36,"People also ask,Thumbnail,Video preview",100,1000,1100,2015-09-06,"Informational,Commercial,Non-branded,Non-local"
195,taman desa international school,my,0,60,,,sri desa international secondary school,2025-03-11 01:14:53,"Top ads,Paid sitelinks,Thumbnail,Video preview",60,1000,1000,2016-03-26,"Informational,Navigational,Branded,Local"
196,isp desa park,my,2,60,,,desa park city international school,2025-03-14 14:31:09,"Sitelinks,Videos,Knowledge panel",80,1400,1400,2016-01-04,"Informational,Navigational,Branded,Local"
197,international school melawati,my,6,60,,,marefat international school,2025-02-25 07:09:24,"Local pack,Thumbnail,Video preview",60,150,150,2020-01-14,"Informational,Commercial,Non-branded,Local"
198,isp kl,my,1,60,0.20,,isp,2025-03-01 22:30:04,"Sitelinks,Video preview,People also ask,Knowledge panel",80,1300,1300,2016-02-29,"Informational,Navigational,Branded,Local"
199,private school ampang,my,25,60,,,mutiara international grammar school,2025-03-16 22:57:44,"Local pack,Thumbnail,Video preview",60,900,900,2015-09-16,"Informational,Commercial,Non-branded,Local"
200,iskl parent portal,my,4,60,0.05,,iskl portal,2025-03-18 23:45:06,,60,300,300,2019-08-17,"Navigational,Branded,Non-local"
201,help international,my,1,60,,0.59,help international school,2025-03-07 10:50:30,"Sitelinks,People also ask,Knowledge panel,Video preview",250,1800,1900,2015-09-04,"Informational,Navigational,Non-branded,Non-local"
202,bangsar nexus,my,7,60,,0.35,nexus bangsar,2025-03-21 03:32:08,People also ask,60,700,700,2015-10-07,"Informational,Navigational,Non-branded,Local"
203,cheap international school in malaysia,my,3,60,,,cheapest international school fees in malaysia,2025-03-17 20:21:17,"Local pack,People also ask",60,200,200,2015-10-08,"Informational,Commercial,Non-branded,Non-local"
204,alice smith school vacancy,my,0,60,,,alice smith school vacancy,2025-03-01 08:07:28,Video preview,70,20,20,2016-06-21,"Navigational,Transactional,Branded,Non-local"
205,cis school,my,59,60,,,cis school,2025-03-23 14:59:55,People also ask,5400,40,2100,2016-10-17,"Informational,Branded,Non-local"
206,is kl,my,58,60,0.10,,iskl,2025-02-25 00:23:39,People also ask,150,6400,7600,2016-01-24,"Informational,Navigational,Branded,Local"
207,the best school in malaysia,my,9,60,,,best international school in malaysia,2025-03-07 06:18:39,"Featured snippet,People also ask,Thumbnail,Local pack,Video preview,Discussions",70,600,700,2017-09-05,"Informational,Commercial,Non-branded,Non-local"
208,private school in kuala lumpur,my,33,60,,1.49,international school near me,2025-03-13 07:44:37,"Local pack,Thumbnail,Sitelinks,People also ask,Video preview",90,1400,1600,2015-10-23,"Informational,Commercial,Non-branded,Local"
209,taylor's login,my,21,60,0.01,,taylors portal,2025-03-22 23:30:17,,60,2800,2900,2015-09-24,"Navigational,Branded,Non-local"
210,help university shah alam photos,my,2,60,0.90,,help university subang 2,2025-02-27 22:57:54,"Thumbnail,Video preview",60,800,800,2022-07-04,"Informational,Branded,Local"
211,seri kembangan international school,my,17,60,,,seri kembangan international school,2025-03-21 00:05:28,"Local pack,Thumbnail",70,40,40,2015-10-21,"Informational,Commercial,Non-branded,Local"
212,the international school parkcity,my,2,60,,,desa park city international school,2025-03-21 23:50:29,"People also ask,Knowledge panel",80,900,1000,2016-06-16,"Informational,Navigational,Branded,Local"
213,school international,my,55,60,,,iskl,2025-03-17 12:18:55,"Local pack,People also ask,Thumbnail,Videos",500,6900,8300,2016-08-12,"Informational,Commercial,Non-branded,Non-local"
214,internasional school,my,64,60,,,iskl,2025-03-15 10:05:18,"Local pack,People also ask,Thumbnail,Videos,Video preview,Knowledge panel",200,7400,8900,2015-10-22,"Informational,Non-branded,Non-local"
215,nexus international school singapore,my,10,60,,0.7,nexus international school,2025-02-25 06:16:36,"Sitelinks,People also ask,Knowledge panel,Video preview",700,70,3400,2015-11-10,"Informational,Navigational,Branded,Local"
216,best school in kuala lumpur,my,48,60,0.35,,top international school in malaysia,2025-03-06 20:31:51,"Local pack,People also ask,Thumbnail,Video preview",80,300,400,2016-10-05,"Informational,Commercial,Non-branded,Local"
217,cheapest private school in kl,my,6,60,,,cheapest international school fees in malaysia,2025-03-17 08:03:41,"Local pack,People also ask,Video preview",70,200,200,2019-02-07,"Informational,Commercial,Non-branded,Local"
218,international school in bukit jalil,my,36,50,,,tzu chi international school,2025-03-13 11:40:59,"Local pack,Thumbnail,Sitelinks,Video preview",50,5600,5700,2015-09-12,"Informational,Commercial,Non-branded,Local"
219,international school subang jaya,my,15,50,,,ucsi international school,2025-03-19 13:44:34,"Local pack,Thumbnail,Video preview",60,600,600,2016-03-13,"Informational,Commercial,Non-branded,Local"
220,nexus school,my,12,50,,0.76,nexus international school malaysia,2025-02-24 00:04:40,"Sitelinks,Local pack,People also ask,Video preview",700,1700,1900,2015-11-01,"Informational,Navigational,Non-branded,Non-local"
221,tis kl,my,2,50,0.25,,taylor international school,2025-03-03 00:56:33,"Sitelinks,People also ask,Knowledge panel,Video preview",50,1200,1200,2016-03-31,"Informational,Navigational,Non-branded,Local"
222,taylor education group,my,7,50,0.02,,taylor's education group,2025-03-16 10:04:34,"Sitelinks,People also ask,Video preview",70,400,700,2015-09-09,"Informational,Navigational,Branded,Non-local"
223,his school,my,0,50,,,his international school,2025-03-13 07:52:08,"Thumbnail,Sitelinks,People also ask,Video preview",600,1700,1800,2019-09-20,"Informational,Navigational,Non-branded,Non-local"
224,desa park city school,my,1,50,,,isp,2025-02-25 15:31:33,"Sitelinks,Knowledge panel,People also ask,Video preview",60,1300,1300,2016-10-25,"Informational,Non-branded,Local"
225,best international schools in kuala lumpur,my,55,50,0.50,,best international school in kl,2025-03-02 13:57:51,"People also ask,Local pack,Discussions,Video preview",200,100,100,2016-07-04,"Informational,Commercial,Non-branded,Local"
226,the best international school in malaysia,my,18,50,,,best international school in malaysia,2025-02-27 12:31:08,"People also ask,Thumbnail,Videos,Video preview",70,700,700,2016-04-10,"Informational,Commercial,Non-branded,Non-local"
227,hiskl,my,0,50,,,hibiscus international school,2025-02-26 03:26:10,"People also ask,Thumbnail,Video preview",50,40,40,2020-09-23,"Informational,Navigational,Branded,Non-local"
228,best international school in kuala lumpur,my,56,50,,,best international school in kl,2025-03-19 19:30:37,"People also ask,Thumbnail,Local pack,Discussions",150,80,100,2016-11-14,"Informational,Commercial,Non-branded,Local"
229,primary schools near me,my,24,50,0.50,,primary school near me,2025-03-15 20:20:26,"Local pack,Thumbnail,People also ask",14000,20,20,2019-03-15,"Informational,Non-branded,Local"
230,iskl ampang hilir,my,1,50,,,iskl,2025-02-24 04:01:59,"Sitelinks,Thumbnail,Video preview",50,7000,8100,2015-11-07,"Informational,Branded,Local"
231,isp logo,my,0,50,,,isp,2025-03-03 06:16:05,Thumbnail,1100,1200,1300,2015-12-09,"Informational,Non-branded,Non-local"
232,ucsi private school,my,9,50,,,sekolah sri ucsi kuala lumpur,2025-03-06 22:59:24,"Top ads,Thumbnail,Local pack,Video preview",50,250,250,2015-09-23,"Informational,Branded,Non-local"
233,alice smith school malaysia,my,6,50,,0.73,alice smith school,2025-03-05 16:57:09,"Sitelinks,Local pack,People also ask,Video preview",150,3700,4100,2015-09-08,"Informational,Navigational,Branded,Local"
234,international schools kuala lumpur,my,58,50,0.25,,international school near me,2025-03-17 10:40:45,"Local pack,People also ask,Thumbnail,Video preview",300,1800,1900,2016-03-09,"Informational,Non-branded,Local"
235,nexus international school putrajaya,my,2,50,,0.92,nexus international school malaysia,2025-03-05 13:20:24,"Sitelinks,People also ask,Knowledge panel",60,1500,1600,2015-09-29,"Informational,Navigational,Branded,Local"
236,international school at parkcity,my,2,50,,,isp,2025-03-16 01:23:02,"Sitelinks,Knowledge panel,People also ask",80,1200,1300,2015-12-26,"Informational,Navigational,Branded,Local"
237,british international school malaysia,my,12,50,,0.83,british international school,2025-02-28 11:26:46,"Top ads,Sitelinks,Knowledge panel,People also ask,Video preview,Bottom ads,Paid sitelinks",150,1400,1700,2015-09-02,"Informational,Commercial,Branded,Non-local"
238,private boarding school malaysia,my,41,50,,,boarding school,2025-03-21 10:21:05,"Top ads,Paid sitelinks,Thumbnail,People also ask,Sitelinks,Local pack",60,150,150,2018-03-29,"Informational,Commercial,Non-branded,Non-local"
239,skl school,my,0,50,,,sri kl,2025-03-13 10:56:32,"Local pack,Thumbnail,Video preview",100,3900,3900,2016-06-09,"Informational,Navigational,Branded,Non-local"
240,school in kl,my,56,50,,,schools in kl,2025-03-07 14:42:43,"Local pack,People also ask,Thumbnail",50,100,100,2015-12-09,"Informational,Non-branded,Local"
241,ucsi kuala lumpur,my,21,50,0.15,0.72,ucsi college,2025-03-18 19:01:50,"Thumbnail,People also ask,Knowledge panel,Video preview",100,150,150,2015-09-22,"Informational,Navigational,Branded,Local"
242,sentul international school,my,8,50,,,wesley international school,2025-03-21 22:57:00,People also ask,50,600,600,2017-03-09,"Informational,Navigational,Branded,Local"
243,british international school of kuala lumpur reviews,my,0,50,,,british international school of kuala lumpur reviews,2025-03-21 11:16:21,"Local pack,People also ask,Sitelinks",60,10,10,2022-07-06,"Informational,Commercial,Branded,Local"
244,alice international school,my,2,50,,,alice smith school,2025-02-26 23:06:15,"Sitelinks,People also ask,Video preview",70,3800,4200,2016-03-28,"Informational,Navigational,Branded,Non-local"
245,ucsi university kuala lumpur,my,32,50,0.15,0.77,ucsi,2025-03-04 00:13:45,"Sitelinks,People also ask,Knowledge panel,Video preview",80,17000,21000,2015-09-02,"Informational,Navigational,Branded,Local"
246,international school in ampang,my,42,50,,,international school ampang,2025-03-15 06:27:10,"Local pack,Thumbnail,Sitelinks,People also ask,Video preview",50,150,150,2015-10-03,"Informational,Commercial,Non-branded,Local"
247,kl private school,my,32,50,,,international school near me,2025-03-14 15:41:09,"Local pack,Thumbnail,Video preview",60,1400,1600,2016-02-16,"Informational,Commercial,Non-branded,Local"
248,international high school in malaysia,my,45,50,,,international secondary school,2025-03-22 19:46:10,"Local pack,People also ask,Thumbnail,Sitelinks,Videos",150,90,90,2015-10-22,"Informational,Commercial,Non-branded,Local"
249,taylor's international school kl,my,3,50,,0.75,taylor international school,2025-02-26 19:57:43,"Sitelinks,People also ask,Video preview,Knowledge panel",50,1200,1300,2015-10-13,"Informational,Navigational,Branded,Local"
250,english school near me,my,44,50,0.25,,cambridge english for life,2025-03-21 04:53:56,"Local pack,People also ask,Sitelinks,Thumbnail",3400,800,900,2019-11-25,"Commercial,Non-branded,Local"
251,taylors malaysia,my,41,50,0.06,0.93,taylor's university,2025-03-01 01:42:07,"Top ads,Sitelinks,People also ask,Knowledge panel,Video preview,Bottom ads,Paid sitelinks",200,14000,19000,2015-09-14,"Informational,Navigational,Branded,Non-local"
252,klass malaysia,my,17,50,,1.15,klass,2025-02-25 05:29:44,"Thumbnail,People also ask,Video preview",70,70,70,2015-10-13,"Informational,Branded,Non-local"
253,nexus international school malaysia photos,my,0,40,,,nexus international school malaysia,2025-03-13 08:54:20,"Sitelinks,People also ask,Video preview,Knowledge panel",50,2400,2600,2021-10-27,"Informational,Branded,Local"
254,old iskl,my,0,40,,,iskl old campus,2025-03-21 04:45:52,"Thumbnail,Sitelinks,People also ask",40,80,80,2019-08-19,"Informational,Branded,Non-local"
255,taylor's international school fees,my,1,40,,,taylor international school fees,2025-03-19 05:29:29,People also ask,40,100,100,2017-01-08,"Informational,Commercial,Branded,Non-local"
256,elementary school in malaysia,my,30,40,,,primary school,2025-03-17 15:49:50,"Local teaser pack,People also ask,Thumbnail,Video preview",40,250,250,2015-09-27,"Informational,Non-branded,Non-local"
257,international school @ parkcity,my,0,40,,,desa park city international school,2025-03-20 16:28:23,"Knowledge panel,People also ask",50,900,1000,2016-03-03,"Informational,Navigational,Branded,Local"
258,kuala lumpur school,my,47,40,,,iskl,2025-03-05 21:59:37,"Local pack,People also ask,Thumbnail,Video preview",100,6500,7800,2015-09-14,"Informational,Commercial,Non-branded,Local"
259,alice smith school secondary campus,my,4,40,,,alice smith school secondary campus,2025-03-13 08:54:28,"Local teaser pack,Thumbnail,People also ask,Video preview",40,30,30,2016-05-17,"Informational,Navigational,Branded,Local"
260,parkcity education sdn bhd,my,0,40,,,isp,2025-03-15 07:46:57,"Sitelinks,Local pack",40,1200,1300,2020-06-21,"Informational,Navigational,Branded,Non-local"
261,學校,my,8,40,,,學校,2025-02-27 12:54:45,"Local pack,Top stories,Thumbnail",8600,20,50,2015-09-14,"Informational,Non-branded,Non-local"
262,schools in kuala lumpur,my,55,40,0.35,,schools in kl,2025-02-27 16:25:46,"Local pack,People also ask,Thumbnail,Video preview",250,100,100,2015-09-29,"Informational,Non-branded,Local"
263,iskl fee,my,1,40,0.25,,iskl fees,2025-03-20 20:39:04,People also ask,40,450,500,2017-10-21,"Informational,Commercial,Branded,Non-local"
264,cheapest international school in selangor,my,0,40,,,cheapest private school in selangor,2025-03-23 08:10:30,"Local pack,People also ask,Sitelinks",50,10,10,2017-03-06,"Informational,Commercial,Non-branded,Local"
265,private schools in kl,my,15,40,0.25,,school near me,2025-02-25 17:50:36,"Local pack,Thumbnail,Video preview",40,800,800,2015-11-23,"Informational,Commercial,Non-branded,Local"
266,مدرسة,my,57,40,,,مدرسة,2025-03-20 21:22:30,,63000,10,16000,2015-12-08,"Informational,Non-branded,Non-local"
267,affordable international school in malaysia,my,2,40,,0.96,cheapest international school fees in malaysia,2025-02-24 16:29:33,"Local pack,People also ask,Video preview",60,250,250,2016-03-07,"Informational,Commercial,Non-branded,Non-local"
268,kuala lumpur education department co-curriculum centre photos,my,4,40,,,kuala lumpur education department co-curriculum centre photos,2025-03-04 07:52:16,Thumbnail,40,20,20,2023-04-17,"Informational,Branded,Local"
269,help open day,my,3,40,0.40,,help university open day,2025-03-05 17:44:12,Video preview,40,30,30,2017-05-13,"Informational,Non-branded,Non-local"
270,international school of kuala lumpur fees,my,3,40,,,iskl school fees,2025-02-26 22:50:34,"Featured snippet,People also ask,Knowledge panel",90,150,150,2015-12-24,"Informational,Commercial,Branded,Local"
271,ucsi school,my,15,40,,0.5,ucsi international school,2025-03-18 21:13:07,"Sitelinks,Local pack,People also ask,Video preview",100,2000,2100,2015-11-20,"Informational,Navigational,Branded,Non-local"
272,subang international school,my,22,40,,,ucsi international school,2025-03-02 07:08:35,"Local pack,Thumbnail,Video preview",70,600,600,2015-10-15,"Informational,Navigational,Non-branded,Local"
273,list of international school in kuala lumpur,my,18,40,,0.81,international school near me,2025-03-05 17:05:57,"Local pack,People also ask",50,1200,1300,2015-09-04,"Informational,Commercial,Non-branded,Local"
274,taylors kl,my,42,40,0.20,,taylor international school,2025-03-19 19:36:06,"Knowledge panel,People also ask,Video preview",40,1200,1200,2016-01-10,"Informational,Branded,Local"
275,sayfol international school photos,my,0,40,,,sayfol international school photos,2025-03-02 01:47:19,"Thumbnail,People also ask",40,20,30,2016-05-25,"Informational,Branded,Non-local"
276,ispkl,my,0,40,,,desa park city international school,2025-03-13 08:08:16,"Sitelinks,Knowledge panel,People also ask,Video preview",40,1400,1400,2015-12-13,"Informational,Navigational,Branded,Non-local"
277,cheapest international school in kuala lumpur,my,6,30,,,cheapest international school fees in malaysia,2025-02-24 05:01:37,Local pack,40,250,250,2016-04-11,"Informational,Commercial,Non-branded,Local"
278,boarding school in kl,my,0,30,,,boarding school near me,2025-02-28 02:42:03,"Local pack,People also ask,Video preview",40,30,30,2018-02-02,"Informational,Commercial,Non-branded,Local"
279,private international school,my,51,30,,,real education group,2025-03-03 06:07:22,"Local pack,People also ask,Thumbnail",350,800,900,2017-01-21,"Informational,Commercial,Non-branded,Non-local"
280,nexus putrajaya,my,0,30,,0.66,nexus international school malaysia,2025-02-25 06:25:30,"Sitelinks,Knowledge panel,Video preview",40,1700,1900,2015-12-01,"Informational,Navigational,Branded,Local"
281,international school in subang jaya,my,15,30,,1.36,ucsi international school,2025-02-28 22:46:30,"Local pack,Thumbnail,Video preview",100,600,600,2015-10-23,"Informational,Commercial,Non-branded,Local"
282,his malaysia,my,6,30,0.04,0.91,his travel,2025-02-27 23:12:56,"Top ads,Sitelinks,Knowledge panel,Video preview",80,300,300,2015-10-27,"Informational,Navigational,Commercial,Non-branded,Non-local"
283,desa parkcity international school,my,1,30,,,isp,2025-02-26 19:58:56,"Sitelinks,Knowledge panel,Video preview",40,1300,1300,2015-12-02,"Informational,Navigational,Branded,Local"
284,iskl melawati,my,2,30,0.25,0.5,iskl,2025-03-23 01:14:09,"Local pack,Sitelinks,Thumbnail",40,7500,9100,2015-10-23,"Informational,Branded,Local"
285,affordable private school in malaysia,my,4,30,,,cheapest international school fees in malaysia,2025-02-24 01:18:19,"Local pack,People also ask",50,250,250,2018-10-19,"Informational,Commercial,Non-branded,Local"
286,uc si,my,34,30,,,ucsi,2025-03-23 07:47:33,"People also ask,Knowledge panel",80,19000,22000,2020-01-31,"Informational,Navigational,Branded,Non-local"
287,ucsi international school kl,my,4,30,,,ucsi international school,2025-03-14 17:18:30,"Sitelinks,People also ask,Video preview",40,2500,2700,2020-08-13,"Informational,Navigational,Branded,Local"
288,sekolah swasta di kuala lumpur,my,2,30,,1.66,sekolah swasta terengganu,2025-02-25 10:43:40,"Local pack,Video preview,Thumbnail",40,150,150,2015-10-11,"Informational,Non-branded,Local"
289,desa park coty,my,24,30,,,desa park city,2025-02-26 03:16:55,"Sitelinks,Videos,Thumbnail,Video preview",30,2400,2700,2020-02-08,"Informational,Navigational,Non-branded,Local"
290,sri ucsi kuala lumpur,my,0,30,0.15,,sekolah sri ucsi kuala lumpur,2025-02-25 12:45:28,"Sitelinks,Video preview",40,250,250,2021-03-03,"Informational,Navigational,Branded,Local"
291,史密斯,my,81,30,,,威尔·史密斯,2025-03-15 22:02:49,"Thumbnail,Video preview",2200,60,60,2017-01-26,"Informational,Non-branded,Non-local"
292,top 5 best private school in malaysia,my,1,30,,,best private school in malaysia,2025-02-27 05:21:04,"People also ask,Local pack,Discussions,Video preview",40,60,60,2021-05-17,"Informational,Commercial,Non-branded,Local"
293,cheapest international school in kl,my,2,30,,,cheapest international school fees in malaysia,2025-03-23 05:06:40,"Top ads,Paid sitelinks,Local pack,People also ask",30,200,200,2015-11-13,"Informational,Commercial,Non-branded,Local"
294,putrajaya international school,my,24,30,,,putrajaya international school,2025-03-17 01:29:34,"Local pack,Thumbnail,Video preview",40,10,10,2017-01-13,"Informational,Commercial,Non-branded,Local"
295,sekolah internasional,my,64,30,,,malaysia international school,2025-03-21 23:26:27,"Local pack,Knowledge panel,Thumbnail",1300,600,1000,2015-10-20,"Informational,Commercial,Non-branded,Non-local"
296,sunway school,my,23,30,,,sunway international school,2025-03-18 07:29:04,"Sitelinks,Local pack,Video preview,Bottom ads,Paid sitelinks",150,1200,1200,2015-10-30,"Informational,Navigational,Branded,Non-local"
297,the nexus,my,46,30,,0.47,nexus wwe,2025-03-21 07:35:39,"Thumbnail,Sitelinks,Local pack,People also ask",7900,10,4500,2015-09-23,"Informational,Branded,Non-local"
298,boarding schools in malaysia,my,33,30,0.30,,boarding school in malaysia,2025-03-17 05:47:19,"People also ask,Video preview",80,150,150,2015-09-13,"Informational,Commercial,Non-branded,Non-local"
299,alice smith uniform,my,0,30,,,alice smith uniform,2025-03-15 13:34:45,"Thumbnail,People also ask",30,10,10,2018-11-06,"Commercial,Transactional,Non-branded,Non-local"
300,best international schools in malaysia,my,52,30,0.30,,best international school in malaysia,2025-03-03 06:49:57,"People also ask,Discussions,Video preview",100,600,700,2015-12-07,"Informational,Commercial,Non-branded,Non-local"
301,taylor malaysia,my,47,30,0.05,0.74,taylor's university,2025-03-21 22:41:57,"Top ads,Paid sitelinks,People also ask,Knowledge panel,Sitelinks",150,8100,13000,2015-09-07,"Informational,Branded,Non-local"
302,unico international school,my,0,30,,,unico international school,2025-02-24 16:32:18,"Sitelinks,Thumbnail,Video preview",30,10,10,2022-08-04,"Informational,Navigational,Branded,Non-local"
303,his international school subang jaya,my,0,30,,,his international school,2025-03-19 08:52:47,"People also ask,Video preview",30,800,800,2022-01-20,"Informational,Navigational,Branded,Local"
304,alice smith school uniform,my,0,30,,,alice smith uniform,2025-03-14 08:40:41,"People also ask,Video preview",40,30,30,2017-05-20,"Informational,Branded,Non-local"
305,nexus singapore,my,10,30,1.30,,nexus international school singapore,2025-03-14 15:28:23,"Sitelinks,People also ask,Video preview,Knowledge panel",500,100,4400,2015-09-30,"Informational,Navigational,Non-branded,Local"
306,international school cheras,my,21,30,,,international school cheras,2025-03-13 11:06:28,"Local pack,Thumbnail,Sitelinks,Video preview",30,30,30,2015-11-14,"Informational,Commercial,Non-branded,Local"
307,taylors international school kl,my,4,30,,,tiskl,2025-03-14 16:41:58,"Sitelinks,People also ask,Knowledge panel,Video preview",40,1600,1700,2015-10-05,"Informational,Navigational,Branded,Local"
308,kl international schools,my,65,30,0.35,,international school near me,2025-02-24 03:30:46,"Local pack,People also ask,Thumbnail,Video preview",100,1000,1300,2016-05-25,"Informational,Commercial,Non-branded,Local"
309,mahkota cheras international school,my,7,30,,,sequoia international school,2025-03-18 16:33:40,"Thumbnail,Video preview",30,500,500,2019-05-13,"Informational,Branded,Local"
310,taylor school,my,30,20,,0.37,tiskl,2025-03-21 20:40:13,"Local pack,People also ask",500,900,900,2015-09-10,"Informational,Branded,Non-local"
311,iskl international school fees,my,1,20,,,iskl fees,2025-03-05 23:53:49,"Thumbnail,People also ask",20,350,350,2016-05-25,"Informational,Commercial,Branded,Non-local"
312,nexus malaysia,my,2,20,0.20,0.4,nexus international school malaysia,2025-03-16 09:43:44,"Sitelinks,Knowledge panel,People also ask,Video preview",80,1600,1700,2015-09-02,"Informational,Navigational,Branded,Non-local"
313,ischool sayfol,my,2,20,,,ischool sayfol,2025-03-14 09:38:03,"Sitelinks,People also ask",20,20,20,2018-03-07,"Navigational,Branded,Non-local"
314,list of international schools in kuala lumpur,my,11,20,0.35,,international school near me,2025-03-06 16:30:24,"Local pack,People also ask",30,1100,1200,2015-09-03,"Informational,Non-branded,Local"
315,kl schools,my,47,20,0.15,,schools in kl,2025-03-02 23:16:19,"Local pack,People also ask,Thumbnail",40,100,100,2017-03-03,"Informational,Non-branded,Local"
316,best international school in selangor,my,40,20,,,international school selangor,2025-03-15 05:33:42,"Local pack,People also ask,Thumbnail,Discussions",80,350,400,2016-09-25,"Informational,Commercial,Non-branded,Local"
317,المدرسة,my,52,20,,,المدرسة,2025-03-19 16:44:26,"Thumbnail,People also ask,Video preview",22000,10,9400,2015-10-01,"Informational,Non-branded,Non-local"
318,sunway universiti,my,30,20,0.20,0.69,sunway university,2025-03-19 08:47:31,"Local pack,People also ask,Video preview",30,16000,21000,2015-09-02,"Informational,Navigational,Branded,Non-local"
319,international schools in klang valley,my,5,20,0.40,,international school selangor,2025-03-19 12:28:17,"Local pack,Thumbnail,People also ask",60,350,350,2015-10-25,"Informational,Commercial,Non-branded,Local"
320,international school putrajaya,my,24,20,,,nexus international school malaysia,2025-03-20 11:27:26,"Local pack,Sitelinks,Thumbnail,People also ask",100,1600,1700,2015-10-01,"Informational,Commercial,Non-branded,Local"
321,sekolah international di malaysia,my,33,20,,,malaysia international school,2025-03-19 05:36:02,"Local pack,Thumbnail,Videos",30,600,1000,2015-12-13,"Informational,Non-branded,Local"
322,private schools in kuala lumpur,my,0,20,,,sekolah sri ucsi kuala lumpur,2025-03-19 20:14:25,"Local pack,Video preview",200,20,20,2015-10-13,"Informational,Commercial,Non-branded,Local"
323,best secondary school in kuala lumpur,my,8,20,,1.15,best government secondary school in kuala lumpur,2025-03-17 11:24:33,"Local pack,People also ask,Video preview",40,20,20,2015-10-20,"Informational,Commercial,Non-branded,Local"
324,爱丽丝史密斯国际学校,my,0,20,,,alice smith school,2025-02-25 05:13:55,"Thumbnail,Local pack,Video preview",30,3700,4100,2020-01-12,"Informational,Navigational,Branded,Local"
325,uscis malaysia,my,42,20,,,ucsi,2025-02-26 12:58:19,"People also ask,Video preview",20,18000,21000,2016-01-02,"Informational,Branded,Non-local"
326,the international school of kuala lumpur photos,my,2,20,,,iskl,2025-03-07 09:15:44,"Sitelinks,People also ask,Video preview",30,6500,7800,2023-03-04,"Informational,Branded,Local"
327,alice smith school - secondary campus,my,4,20,,,alice smith school secondary campus,2025-03-16 20:29:45,"Local teaser pack,Thumbnail,People also ask,Video preview",20,20,20,2018-05-01,"Informational,Navigational,Branded,Local"
328,taylor kl,my,43,20,0.20,,taylor international school,2025-03-17 17:46:04,"Sitelinks,People also ask,Knowledge panel,Video preview",30,1200,1200,2015-10-29,"Informational,Branded,Local"
329,ib schools,my,61,20,0.20,,ib school,2025-02-25 16:18:19,"Thumbnail,People also ask,Local pack,Knowledge panel,Video preview",4800,50,7600,2015-11-07,"Informational,Branded,Non-local"
330,alice smith logo,my,1,20,,,alice smith school,2025-02-24 21:41:11,"Sitelinks,Thumbnail,People also ask",30,3700,4100,2015-09-25,"Informational,Branded,Non-local"
331,list of international schools in malaysia,my,3,20,0.25,1.74,malaysia international school,2025-03-02 01:18:24,Local pack,80,500,1000,2015-09-10,"Informational,Non-branded,Non-local"
332,ucsi international school kuala lumpur photos,my,6,20,,,ucsi international school,2025-02-27 15:37:27,"Sitelinks,Video preview,People also ask",20,1900,2000,2022-07-13,"Informational,Branded,Local"
333,cheras international school,my,19,20,,,international school cheras,2025-03-13 20:14:21,"Local pack,Thumbnail,Video preview",30,30,30,2015-09-01,"Informational,Commercial,Non-branded,Local"
334,sunway univeristy,my,36,20,0.20,,sunway university,2025-02-26 17:25:31,"Sitelinks,People also ask,Local pack,Top stories,Thumbnail,Video preview",30,18000,23000,2015-10-02,"Informational,Navigational,Branded,Non-local"
335,ucsi review,my,0,20,,,ucsi university reviews,2025-03-18 00:52:47,"Local pack,People also ask,Video preview",30,150,150,2015-09-16,"Informational,Commercial,Branded,Non-local"
336,subang jaya international school,my,15,20,,,ucsi international school,2025-03-03 21:55:54,"Local pack,Thumbnail,People also ask,Video preview",40,600,600,2016-01-25,"Informational,Commercial,Non-branded,Local"
337,isp calendar,my,0,20,,,isp calendar,2025-03-13 21:46:18,Video preview,20,20,20,2015-10-19,"Informational,Navigational,Non-branded,Non-local"
338,private school cheras,my,13,20,,,real international school cheras,2025-02-26 12:44:59,"Local pack,Thumbnail,Video preview",20,100,100,2016-11-12,"Informational,Commercial,Non-branded,Local"
339,alice smith school calendar 2023-24,my,4,20,,,school holiday 2024,2025-03-13 23:33:04,,20,5100,5700,2023-02-01,"Informational,Branded,Non-local"
340,international school in cyberjaya,my,31,20,,1.17,international school cyberjaya,2025-03-14 18:29:48,"Local pack,Thumbnail,Video preview",80,150,150,2015-10-23,"Informational,Commercial,Non-branded,Local"
341,taylors school,my,12,20,,,taylor international school,2025-03-20 21:45:14,"Local pack,People also ask",50,1200,1300,2016-03-13,"Informational,Navigational,Branded,Non-local"
342,ib schools in kuala lumpur,my,28,20,0.30,,ib schools in kuala lumpur,2025-02-28 23:29:49,"Local pack,People also ask",60,10,10,2015-09-21,"Informational,Non-branded,Local"
343,tailor university,my,41,20,0.05,,taylor's university,2025-03-06 11:18:49,"People also ask,Thumbnail,Knowledge panel,Video preview",50,14000,19000,2016-04-29,"Informational,Navigational,Branded,Non-local"
344,ucsi kl international school,my,3,20,,,ucsi international school,2025-03-18 14:23:22,"Sitelinks,People also ask,Video preview",30,1900,2000,2020-11-21,"Informational,Navigational,Branded,Local"
345,sri ucsi cheras,my,1,20,0.15,,sekolah sri ucsi kuala lumpur,2025-03-05 21:35:54,"Sitelinks,Local pack,Video preview",20,250,250,2021-02-12,"Informational,Branded,Local"
346,sayfol international,my,1,20,0.20,,sayfol international school,2025-03-02 08:04:14,"Sitelinks,Local pack,People also ask",30,1000,1100,2015-10-25,"Informational,Navigational,Branded,Non-local"
347,nism,my,1,20,,,nism,2025-03-17 12:37:51,"Sitelinks,People also ask,Local pack",101000,20,96000,2016-07-29,"Informational,Navigational,Branded,Non-local"
348,sunway international school sunway city kuala lumpur photos,my,4,20,,,sunway international school,2025-03-21 23:29:23,"People also ask,Sitelinks,Thumbnail",20,1200,1300,2022-08-02,"Informational,Branded,Local"
349,desa.park city,my,24,20,,,desa park city,2025-02-25 04:04:50,"Sitelinks,Videos",20,2400,2700,2021-02-19,"Informational,Navigational,Non-branded,Local"
350,ib world school malaysia,my,29,20,,,ib malaysia,2025-02-28 19:38:30,"People also ask,Local pack",20,150,150,2016-04-06,"Informational,Non-branded,Non-local"
351,爱丽丝,my,2,10,,0.26,爱丽,2025-03-21 09:11:04,"Thumbnail,People also ask,Knowledge panel,Videos",600,20,70,2015-09-17,"Informational,Non-branded,Non-local"
352,taylor's malaysia,my,46,10,0.05,,taylor's university,2025-02-25 06:11:03,"Sitelinks,Local pack,People also ask,Video preview,Bottom ads,Paid sitelinks",100,13000,19000,2015-10-17,"Informational,Navigational,Branded,Non-local"
353,sayfol international school review,my,0,10,,,sayfol international school reviews,2025-03-23 03:31:40,"Local pack,People also ask,Sitelinks",10,30,30,2015-09-01,"Informational,Commercial,Branded,Non-local"
354,federal territory of kuala lumpur 43300,my,6,10,,,poskod seri kembangan,2025-03-05 20:47:27,"Thumbnail,People also ask,Video preview,Knowledge panel",40,40,40,2022-09-25,"Informational,Non-branded,Local"
355,ucsi kl campus,my,23,10,0.15,0.5,ucsi college,2025-03-13 23:01:17,"Sitelinks,People also ask,Knowledge panel,Video preview",10,250,250,2015-10-03,"Informational,Navigational,Branded,Local"
356,global exec sdn bhd,my,0,10,,,global exec sdn bhd,2025-03-18 17:31:00,,10,0,0,2017-01-09,"Informational,Commercial,Branded,Non-local"
357,private and international schools in malaysia,my,14,10,0.30,,malaysia international school,2025-02-26 10:44:34,"People also ask,Local pack",150,500,1000,2015-09-10,"Informational,Commercial,Non-branded,Non-local"
358,taylors education group,my,19,10,0.03,0.82,taylor's education group,2025-02-26 18:31:52,"Sitelinks,People also ask,Knowledge panel",20,400,600,2015-11-26,"Informational,Navigational,Branded,Non-local"
359,schools around me,my,36,10,1.10,,school near me,2025-03-20 09:25:03,"Local pack,Sitelinks,Thumbnail",2000,600,600,2016-01-15,"Informational,Non-branded,Local"
360,sunway international school sunway city iskandar puteri photos,my,1,10,,,sunway international school johor,2025-02-26 16:54:52,"Thumbnail,Video preview,People also ask",20,150,150,2022-08-21,"Informational,Branded,Local"
361,taylors parent portal,my,3,10,,,taylors portal,2025-03-03 18:44:03,Sitelinks,10,3000,3100,2019-01-10,"Navigational,Branded,Non-local"
362,malaysia best school,my,5,10,,,best school in malaysia,2025-03-14 14:28:56,"Local pack,People also ask,Thumbnail,Discussions,Videos",30,800,900,2016-10-03,"Informational,Commercial,Non-branded,Non-local"
363,international school in cheras,my,17,10,,,international school cheras,2025-03-03 03:10:09,"Local pack,Thumbnail,Video preview",10,20,20,2015-11-15,"Informational,Commercial,Non-branded,Local"
364,padang iskl lama,my,0,10,,,padang iskl ampang,2025-02-28 04:01:38,"Thumbnail,Video preview,Knowledge panel",10,20,20,2023-02-11,"Informational,Branded,Local"
365,alice smith calendar 2023-24,my,0,10,,,school holiday 2024,2025-03-13 23:16:14,People also ask,10,5100,5700,2023-01-19,"Informational,Branded,Non-local"
366,alice's home,my,0,,,,melbourne short stay property management,2025-03-16 18:55:19,Thumbnail,300,0,30,2022-09-16,"Navigational,Branded,Non-local"
367,taylor's open day 2023,my,1,,0.15,,taylor open day,2025-02-06 22:12:30,"People also ask,Video preview",,300,300,2023-02-28,"Informational,Navigational,Branded,Non-local"
368,tiskl calendar 2023,my,0,,1.10,,2023 school calendar,2025-03-18 22:28:27,People also ask,,0,0,2022-08-11,"Informational,Branded,Non-local"
369,taylor open day 2023,my,14,,0.15,,taylor open day,2025-03-15 22:55:07,"People also ask,Video preview",,400,400,2022-12-09,"Informational,Navigational,Branded,Non-local"
370,taylor parent portal,my,9,,,,taylors portal,2025-03-18 17:10:57,Sitelinks,10,3200,3300,2016-10-02,"Navigational,Branded,Non-local"
371,iskl bomb threat,my,0,,,,tck,2025-02-24 12:33:56,,,0,0,2023-11-21,"Informational,Branded,Local"
