Keyword,Country code,Location,SERP features,Volume,KD,CPC,Organic traffic,Paid traffic,Current position,Current URL,Current URL inside,Updated,Branded,Local,Navigational,Informational,Commercial,Transactional
idrissi,MY,Malaysia,"Sitelinks, Thumbnail, Knowledge panel",200,0,,147,0,1,https://www.idrissischool.edu.my/johorbahru/,,2025-03-22 14:11:29,true,false,true,true,false,false
idrissi international school johor,MY,Malaysia,Sitelinks,150,0,,103,0,1,https://www.idrissischool.edu.my/johorbahru/,,2025-03-02 14:58:29,true,true,true,true,false,false
idrissi international school,MY,Malaysia,Video preview,100,0,,69,0,1,https://www.idrissischool.edu.my/,,2025-03-19 11:37:43,true,false,true,true,false,false
setia alam international school,MY,Malaysia,"Local pack, Thumbnail, Sitelinks",150,12,,66,0,2,https://www.idrissischool.edu.my/,,2025-03-20 21:21:04,true,true,false,true,false,false
idrissi international school fees,MY,Malaysia,,70,0,,54,0,1,https://www.idrissischool.edu.my/setiaalam/school-fees/,,2025-03-01 22:36:29,true,false,false,true,true,false
international school setia alam,MY,Malaysia,"Local pack, Thumbnail, Sitelinks",150,12,,27,0,3,https://www.idrissischool.edu.my/,,2025-03-21 19:51:36,false,true,false,true,true,false
idrissi international school reviews,MY,Malaysia,"AI overview, Thumbnail, People also ask, Knowledge panel",90,0,,8,0,1,https://www.idrissischool.edu.my/,AI overview,2025-03-16 09:50:24,true,true,false,true,true,false
international school shah alam,MY,Malaysia,"Local pack, Thumbnail, Sitelinks, Video preview",500,20,,8,0,14,https://www.idrissischool.edu.my/,,2025-03-18 14:44:35,false,true,false,true,true,false
idrissi school,MY,Malaysia,"Sitelinks, Local pack, Video preview",30,0,,8,0,1,https://www.idrissischool.edu.my/,,2025-02-28 21:57:48,true,false,true,true,false,false
private school setia alam,MY,Malaysia,"Local pack, Thumbnail, Video preview",70,4,,8,0,5,https://www.idrissischool.edu.my/,,2025-02-28 22:19:31,false,true,false,true,true,false
sekolah setia alam,MY,Malaysia,"Local pack, Thumbnail, Video preview",60,1,,7,0,4,https://www.idrissischool.edu.my/,,2025-03-03 10:01:42,false,true,false,true,false,false
school holiday 2024 johor bahru,MY,Malaysia,,100,0,,7,0,6,https://www.idrissischool.edu.my/johorbahru/wp-content/uploads/2024/08/JB-Academic-Calendar.pdf,,2025-03-23 01:26:03,false,true,false,true,false,false
international school johor bahru,SG,Singapore,"Top ads, Local pack, Sitelinks, Thumbnail",150,41,,6,0,9,https://www.idrissischool.edu.my/johorbahru/,,2025-03-21 18:44:04,false,true,false,true,true,false
school holiday 2024 johor,MY,Malaysia,Video preview,200,0,,6,0,9,https://www.idrissischool.edu.my/johorbahru/wp-content/uploads/2024/08/JB-Academic-Calendar.pdf,,2025-03-18 16:10:43,false,true,false,true,false,false
johor school holiday 2024,SG,Singapore,People also ask,150,0,,5,0,9,https://www.idrissischool.edu.my/johorbahru/wp-content/uploads/2024/08/JB-Academic-Calendar.pdf,,2025-03-07 04:40:49,false,true,false,true,false,false
tinta school,MY,Malaysia,Video preview,300,0,,5,0,12,https://www.idrissischool.edu.my/,,2025-03-13 19:06:49,true,false,false,true,false,false
johor bahru international school,MY,Malaysia,"Local pack, Thumbnail, People also ask, Video preview",90,28,,4,0,9,https://www.idrissischool.edu.my/johorbahru/,,2025-03-06 22:31:06,false,true,false,true,true,false
international school johor,MY,Malaysia,"Local pack, Thumbnail, Video preview",200,37,,4,0,14,https://www.idrissischool.edu.my/johorbahru/,,2025-02-28 06:50:24,false,true,false,true,true,false
johor international school,MY,Malaysia,"Local pack, Thumbnail, People also ask, Video preview",300,26,,4,0,12,https://www.idrissischool.edu.my/johorbahru/,,2025-03-06 02:56:47,false,true,false,true,true,false
idrissi international school photos,MY,Malaysia,"Sitelinks, People also ask",10,0,,4,0,1,https://www.idrissischool.edu.my/,,2025-03-06 18:07:41,true,false,false,true,false,false
shah alam international school,MY,Malaysia,"Local pack, Thumbnail, Sitelinks, Video preview",150,19,,3,0,12,https://www.idrissischool.edu.my/,,2025-03-13 10:56:47,false,true,false,true,true,false
jb international school,SG,Singapore,"Top ads, Paid sitelinks, Local pack, Thumbnail, Video preview, Bottom ads",150,39,,3,0,12,https://www.idrissischool.edu.my/johorbahru/,,2025-03-06 05:34:54,true,false,false,true,false,false
johor international school fees,SG,Singapore,"People also ask, Sitelinks",70,0,,3,0,8,https://www.idrissischool.edu.my/johorbahru/school-fees/,,2025-03-21 05:46:50,true,true,false,true,true,false
private school shah alam,MY,Malaysia,"Local pack, Thumbnail, Video preview",400,13,,3,0,17,https://www.idrissischool.edu.my/,,2025-02-26 01:05:34,false,true,false,true,true,false
cheapest international school in johor bahru,MY,Malaysia,"Local pack, People also ask",100,0,,2,0,12,https://www.idrissischool.edu.my/johorbahru/school-fees/,,2025-02-26 08:04:17,false,true,false,true,true,false
international school in johor,MY,Malaysia,"Local pack, Thumbnail, People also ask, Video preview",150,44,,2,0,14,https://www.idrissischool.edu.my/johorbahru/,,2025-03-15 13:07:52,false,true,false,true,true,false
johor school holidays 2024,SG,Singapore,,60,0,,2,0,8,https://www.idrissischool.edu.my/johorbahru/wp-content/uploads/2024/08/JB-Academic-Calendar.pdf,,2025-03-02 18:51:30,false,true,false,true,false,false
boarding school selangor,MY,Malaysia,"Local pack, People also ask",150,20,,2,0,13,https://www.idrissischool.edu.my/,,2025-02-25 08:54:06,false,true,false,true,true,false
international school selangor,MY,Malaysia,"Local pack, Thumbnail, People also ask",500,41,,2,0,19,https://www.idrissischool.edu.my/,,2025-03-19 17:26:39,false,true,false,true,false,false
international school in johor bahru,MY,Malaysia,"Local pack, Thumbnail, People also ask, Video preview",60,24,,2,0,11,https://www.idrissischool.edu.my/johorbahru/,,2025-03-05 18:38:28,false,true,false,true,true,false
johor school holiday 2024,MY,Malaysia,,100,4,,2,0,12,https://www.idrissischool.edu.my/johorbahru/wp-content/uploads/2024/08/JB-Academic-Calendar.pdf,,2025-03-21 05:12:34,false,true,false,true,false,false
international school in johor bahru,SG,Singapore,"Local pack, Thumbnail, People also ask, Video preview",30,37,,2,0,9,https://www.idrissischool.edu.my/johorbahru/,,2025-03-05 16:12:29,false,true,false,true,true,false
malaysia school holiday 2024 johor bahru,SG,Singapore,People also ask,40,1,,1,0,8,https://www.idrissischool.edu.my/johorbahru/wp-content/uploads/2024/08/JB-Academic-Calendar.pdf,,2025-03-06 09:08:33,false,true,false,true,false,false
international school jb,MY,Malaysia,"Local pack, Thumbnail, Sitelinks",80,31,,1,0,13,https://www.idrissischool.edu.my/johorbahru/,,2025-03-22 05:00:58,false,true,false,true,true,false
johor school holiday,MY,Malaysia,,90,1,,1,0,13,https://www.idrissischool.edu.my/johorbahru/wp-content/uploads/2024/08/JB-Academic-Calendar.pdf,,2025-03-21 04:23:09,false,true,false,true,false,false
jb international school,MY,Malaysia,"Local pack, Thumbnail, Sitelinks, Video preview",150,27,,1,0,16,https://www.idrissischool.edu.my/johorbahru/,,2025-03-13 12:12:57,true,false,false,true,false,false
malaysia school holiday 2024 johor bahru,MY,Malaysia,People also ask,30,0,,1,0,8,https://www.idrissischool.edu.my/johorbahru/wp-content/uploads/2024/08/JB-Academic-Calendar.pdf,,2025-03-05 06:59:29,false,true,false,true,false,false
international school in jb,MY,Malaysia,"Local pack, Thumbnail, Video preview, Bottom ads, Paid sitelinks",50,0,,1,0,12,https://www.idrissischool.edu.my/johorbahru/,,2025-02-25 01:19:47,false,true,false,true,true,false
sekolah rendah setia alam,MY,Malaysia,"Thumbnail, Video preview, Knowledge panel",30,0,,1,0,8,https://www.idrissischool.edu.my/,,2025-03-01 00:45:20,false,true,false,true,false,false
johor international school,SG,Singapore,"Local pack, Thumbnail, People also ask, Video preview",80,36,,1,0,14,https://www.idrissischool.edu.my/johorbahru/,,2025-03-16 17:33:26,false,true,false,true,true,false
calendar 2024 johor,MY,Malaysia,Thumbnail,30,0,,1,0,9,https://www.idrissischool.edu.my/johorbahru/wp-content/uploads/2024/08/JB-Academic-Calendar.pdf,,2025-02-25 20:07:04,false,true,false,true,false,false
international schools in johor bahru,MY,Malaysia,"Local pack, Thumbnail, Video preview",40,18,,1,0,12,https://www.idrissischool.edu.my/johorbahru/,,2025-03-18 14:42:54,false,true,false,true,true,false
international schools in johor bahru,SG,Singapore,"Top ads, Paid sitelinks, Local pack, Thumbnail, Video preview, Bottom ads",30,31,0.29,1,0,11,https://www.idrissischool.edu.my/johorbahru/,,2025-02-27 00:25:44,false,true,false,true,true,false
johor international school fees,MY,Malaysia,People also ask,10,0,,1,0,7,https://www.idrissischool.edu.my/johorbahru/school-fees/,,2025-03-15 03:53:31,true,true,false,true,true,false
link international school fees,MY,Malaysia,People also ask,40,0,,1,0,13,https://www.idrissischool.edu.my/johorbahru/school-fees/,,2025-03-16 07:03:31,true,false,false,true,true,false
game family day,MY,Malaysia,Thumbnail,350,0,0.18,1,0,20,https://www.idrissischool.edu.my/setiaalam/2023/10/24/familyday2023/,,2025-03-22 13:18:47,false,false,false,true,false,false
top 10 international school in johor bahru,MY,Malaysia,"Local pack, People also ask",100,1,,1,0,18,https://www.idrissischool.edu.my/johorbahru/,,2025-02-25 00:05:30,false,true,false,true,true,false
international school in shah alam,MY,Malaysia,"Local pack, Thumbnail, Sitelinks, Video preview",100,13,,1,0,18,https://www.idrissischool.edu.my/,,2025-03-15 13:36:46,false,true,false,true,true,false
link international school,MY,Malaysia,"Top ads, Video preview",800,0,,1,0,26,https://www.idrissischool.edu.my/johorbahru/,,2025-03-19 06:10:43,true,false,true,true,false,false
johor school,MY,Malaysia,"Local pack, People also ask, Thumbnail",40,31,,0,0,16,https://www.idrissischool.edu.my/johorbahru/,,2025-02-28 20:40:38,false,true,false,true,false,false
islamic international school near me,MY,Malaysia,"Local pack, Sitelinks",20,20,,0,0,12,https://www.idrissischool.edu.my/,,2025-03-20 20:12:42,false,true,false,true,false,false
top 10 secondary school in johor bahru,MY,Malaysia,"Local teaser, Video preview",20,0,,0,0,12,https://www.idrissischool.edu.my/johorbahru/secondary-school/,,2025-03-18 10:08:05,false,true,false,true,false,false
sekolah swasta shah alam,MY,Malaysia,"Local pack, Thumbnail, Video preview",20,0,,0,0,12,https://www.idrissischool.edu.my/,,2025-03-06 01:56:05,false,true,false,true,true,false
مدرسة,MY,Malaysia,,40,57,,0,0,16,https://www.idrissischool.edu.my/,,2025-03-20 21:22:30,false,false,false,true,false,false
jb school holiday 2023,SG,Singapore,People also ask,10,1,,0,0,10,https://www.idrissischool.edu.my/johorbahru/wp-content/uploads/2023/10/JB-Academic-Calendar-2023-2024.pdf,,2025-03-04 06:47:14,false,false,false,true,false,false
international school uniform,MY,Malaysia,"Thumbnail, Video preview",200,0,,0,0,23,https://www.idrissischool.edu.my/setiaalam/product-tag/uniform-shirt-girl/,,2025-02-25 07:28:22,false,false,false,true,false,false
idrissi,TR,Turkey,"Thumbnail, Knowledge panel, Video preview",10,5,0.38,0,0,10,https://www.idrissischool.edu.my/,,2025-02-25 23:23:18,false,false,false,true,false,false
private school johor bahru,MY,Malaysia,"Local pack, Thumbnail, Video preview",150,20,,0,0,23,https://www.idrissischool.edu.my/johorbahru/,,2025-03-05 14:54:27,false,true,false,true,true,false
time table 8,MY,Malaysia,"Thumbnail, People also ask, Video preview",150,21,0.03,0,0,23,https://www.idrissischool.edu.my/wp-content/uploads/2021/09/Model-B-Sample-Physical-Class-Online-Schooling-Primary-Timetables.pdf,,2025-03-19 18:40:28,false,false,false,true,false,false
international schools in johor,MY,Malaysia,"Top ads, Paid sitelinks, Local pack, Thumbnail, Video preview, Bottom ads",20,39,0.30,0,0,14,https://www.idrissischool.edu.my/johorbahru/,,2025-03-14 02:05:28,false,true,false,true,true,false
school holiday 2024/2025,MY,Malaysia,,70,2,,0,0,20,https://www.idrissischool.edu.my/setiaalam/wp-content/uploads/2024/08/SA-Academic-Calendar.pdf.pdf,,2025-02-25 20:42:18,false,false,false,true,false,false
dasmesh international school,MY,Malaysia,"Sitelinks, People also ask, Video preview",80,0,,0,0,21,https://www.idrissischool.edu.my/,,2025-03-04 03:58:54,true,false,true,true,false,false
international school johor bahru,US,United States,"Local pack, Thumbnail, Video preview",10,13,,0,0,10,https://www.idrissischool.edu.my/johorbahru/,,2025-02-27 21:28:13,false,true,false,true,true,false
cambridge setia alam,MY,Malaysia,"Thumbnail, Video preview",50,0,,0,0,19,https://www.idrissischool.edu.my/setiaalam/the-examinations/,,2025-03-04 03:16:10,true,true,false,true,true,false
school hostel,MY,Malaysia,"Local teaser, People also ask, Thumbnail, Video preview, Knowledge panel",50,0,,0,0,20,https://www.idrissischool.edu.my/johorbahru/boarding-2/,,2025-03-16 16:16:01,false,false,false,true,false,false
islamic school near me,MY,Malaysia,"Local pack, Thumbnail",20,14,,0,0,17,https://www.idrissischool.edu.my/,,2025-03-02 16:58:17,false,true,false,false,false,false
idrissi,ID,Indonesia,"Thumbnail, Top stories, Knowledge panel",30,4,,0,0,17,https://www.idrissischool.edu.my/,,2025-03-20 17:44:42,false,false,false,true,false,false
educity village,MY,Malaysia,People also ask,100,1,,0,0,24,https://www.idrissischool.edu.my/johorbahru/campus-facilities/,,2025-03-21 20:27:38,false,true,true,true,false,false
school brochure,MY,Malaysia,"People also ask, Thumbnail",20,6,,0,0,16,https://www.idrissischool.edu.my/setiaalam/school-brochure/,,2025-03-21 00:37:05,false,false,false,true,true,false
school holiday 2023/2024,MY,Malaysia,,30,3,,0,0,18,https://www.idrissischool.edu.my/johorbahru/wp-content/uploads/2023/10/JB-Academic-Calendar-2023-2024.pdf,,2025-03-13 18:54:56,false,false,false,true,false,false
school holiday 2023 johor bahru,MY,Malaysia,,30,2,,0,0,19,https://www.idrissischool.edu.my/johorbahru/wp-content/uploads/2023/10/JB-Academic-Calendar-2023-2024.pdf,,2025-03-02 18:44:57,false,true,false,true,false,false
malaysia day colouring,MY,Malaysia,"Thumbnail, Video preview",20,0,,0,0,18,https://www.idrissischool.edu.my/2021/08/10/colouring-competition/,,2025-02-27 10:12:52,false,false,false,true,false,false
be international johor,MY,Malaysia,"Sitelinks, Thumbnail, Knowledge panel",150,1,0.19,0,0,27,https://www.idrissischool.edu.my/johorbahru/,,2025-03-21 09:26:04,true,true,true,true,true,false
2024 and 2025 school calendar,MY,Malaysia,Thumbnail,200,7,,0,0,29,https://www.idrissischool.edu.my/johorbahru/wp-content/uploads/2024/08/JB-Academic-Calendar.pdf,,2025-03-16 17:53:20,false,false,false,true,false,false
school holiday 2023 johor bahru,SG,Singapore,,0,1,,0,0,6,https://www.idrissischool.edu.my/johorbahru/wp-content/uploads/2023/10/JB-Academic-Calendar-2023-2024.pdf,,2025-03-13 09:48:18,false,true,false,true,false,false
international islamic school malaysia,MY,Malaysia,"Sitelinks, Video preview, People also ask",400,0,,0,0,25,https://www.idrissischool.edu.my/,,2025-03-01 16:14:20,true,false,true,true,false,false
private school in johor bahru,MY,Malaysia,"Local pack, Thumbnail, People also ask, Video preview",50,28,,0,0,25,https://www.idrissischool.edu.my/johorbahru/,,2025-03-16 01:26:50,false,true,false,true,true,false
idrissi,GB,United Kingdom,"Thumbnail, People also ask, Knowledge panel",40,1,,0,0,19,https://www.idrissischool.edu.my/,,2025-03-20 12:55:27,false,false,false,true,false,false
international islamic school,MY,Malaysia,"Local pack, Thumbnail, Video preview",40,3,,0,0,23,https://www.idrissischool.edu.my/,,2025-03-16 08:59:48,true,false,true,true,false,false
international islamic school malaysia fees,MY,Malaysia,"Featured snippet, People also ask, Video preview",70,0,,0,0,26,https://www.idrissischool.edu.my/setiaalam/school-fees/,,2025-03-02 00:59:33,true,false,false,true,true,false
mindrich international secondary school,MY,Malaysia,"Sitelinks, Knowledge panel",150,0,,0,0,30,https://www.idrissischool.edu.my/setiaalam/secondary-school/,,2025-03-15 04:10:22,true,false,true,true,false,false
seven skies international school fees,MY,Malaysia,"People also ask, Video preview",150,0,,0,0,30,https://www.idrissischool.edu.my/setiaalam/school-fees/,,2025-03-18 00:24:37,true,false,false,true,true,false
idrissi,IT,Italy,"People also ask, Video preview",600,1,,0,0,37,https://www.idrissischool.edu.my/,,2025-03-14 06:47:50,false,false,false,true,false,false
setia budi international school,MY,Malaysia,"Sitelinks, Thumbnail, People also ask",60,0,,0,0,27,https://www.idrissischool.edu.my/,,2025-03-21 16:30:30,true,true,true,true,false,false
amazing friday,US,United States,"Knowledge panel, Video preview",20,1,,0,0,22,https://www.idrissischool.edu.my/setiaalam/amazing-friday/,,2025-03-15 23:10:35,false,false,false,true,true,false
educity hub,MY,Malaysia,People also ask,100,0,,0,0,30,https://www.idrissischool.edu.my/johorbahru/campus-facilities/,,2025-03-22 19:33:17,false,true,true,true,false,false
kelantan international school photos,MY,Malaysia,"Thumbnail, Video preview",60,0,,0,0,28,https://www.idrissischool.edu.my/,,2025-02-28 16:59:05,true,true,false,true,false,false
arrows international secondary school photos,MY,Malaysia,"Sitelinks, Thumbnail, People also ask, Video preview",100,0,,0,0,31,https://www.idrissischool.edu.my/,,2025-02-25 00:01:21,true,false,false,true,false,false
school year end,MY,Malaysia,People also ask,0,0,,0,0,14,https://www.idrissischool.edu.my/setiaalam/wp-content/uploads/2024/08/SA-Academic-Calendar.pdf.pdf,,2025-03-17 12:10:30,false,false,false,true,false,false
real international school shah alam,MY,Malaysia,Local pack,150,2,,0,0,31,https://www.idrissischool.edu.my/,,2025-03-22 04:46:12,true,true,true,true,false,false
schools online,MY,Malaysia,Knowledge panel,10,36,0.53,0,0,22,https://www.idrissischool.edu.my/2021/09/07/full-online-schooling/,,2025-03-13 15:25:04,false,false,false,true,false,false
setia alam preschool,MY,Malaysia,"Local pack, Thumbnail, Video preview",30,0,0.17,0,0,28,https://www.idrissischool.edu.my/setiaalam/nature-based-preschool/,,2025-03-01 22:23:18,false,true,false,true,true,false
mindrich international school,MY,Malaysia,Sitelinks,80,0,,0,0,31,https://www.idrissischool.edu.my/,,2025-02-28 18:36:30,true,false,true,true,false,false
setiabudi school fees,MY,Malaysia,Thumbnail,40,0,,0,0,28,https://www.idrissischool.edu.my/setiaalam/school-fees/,,2025-03-05 13:17:46,true,true,false,true,false,false
trial class,MY,Malaysia,"People also ask, Video preview",200,0,,0,0,31,https://www.idrissischool.edu.my/setiaalam/year-1-free-trial-class/,,2025-03-18 01:16:55,false,false,false,true,true,false
setia budi islamic international school,MY,Malaysia,"Sitelinks, Thumbnail, People also ask",40,0,,0,0,28,https://www.idrissischool.edu.my/,,2025-03-22 05:01:39,true,false,true,true,false,false
sekolah international,MY,Malaysia,"Local pack, Knowledge panel, Thumbnail, Sitelinks",150,64,,0,0,37,https://www.idrissischool.edu.my/,,2025-03-19 11:18:04,false,false,false,true,true,false
kalendar 2024 johor,MY,Malaysia,Thumbnail,30,1,,0,0,28,https://www.idrissischool.edu.my/johorbahru/wp-content/uploads/2024/08/JB-Academic-Calendar.pdf,,2025-03-15 14:21:47,false,true,false,true,false,false
best school in johor bahru,MY,Malaysia,"Local pack, People also ask, Thumbnail, Discussions and forums",30,3,,0,0,30,https://www.idrissischool.edu.my/johorbahru/,,2025-03-19 10:41:21,false,true,false,true,true,false
idrissi,DE,Germany,"Thumbnail, Knowledge panel, People also ask",100,0,,0,0,33,https://www.idrissischool.edu.my/,,2025-03-22 14:52:04,false,false,false,true,false,false
selangor school holiday 2024,MY,Malaysia,Video preview,30,1,,0,0,29,https://www.idrissischool.edu.my/setiaalam/wp-content/uploads/2024/08/SA-Academic-Calendar.pdf.pdf,,2025-03-02 21:08:49,false,true,false,true,false,false
international school ipoh,MY,Malaysia,"Local pack, Thumbnail, Video preview",350,10,,0,0,43,https://www.idrissischool.edu.my/,,2025-03-05 19:26:11,false,true,false,true,true,false
email school holiday,MY,Malaysia,,80,0,,0,0,34,https://www.idrissischool.edu.my/2020/09/23/how-to-enjoy-your-last-bits-of-school-holiday/,,2025-03-04 08:38:10,false,false,false,true,false,false
kalender 2024 johor,MY,Malaysia,,30,1,,0,0,29,https://www.idrissischool.edu.my/johorbahru/wp-content/uploads/2024/08/JB-Academic-Calendar.pdf,,2025-03-16 16:48:39,false,true,false,true,false,false
real private school,MY,Malaysia,"Local pack, People also ask",40,1,,0,0,32,https://www.idrissischool.edu.my/,,2025-03-22 11:50:10,false,false,false,true,true,false
school open day,MY,Malaysia,"Thumbnail, People also ask, Video preview, Knowledge panel",30,1,,0,0,25,https://www.idrissischool.edu.my/setiaalam/open-day/,,2025-03-01 12:27:18,false,false,false,true,false,false
real school shah alam,MY,Malaysia,"Sitelinks, Local pack, Video preview",90,0,,0,0,35,https://www.idrissischool.edu.my/,,2025-03-13 08:31:25,true,true,false,true,false,false
integrated islamic school kota damansara,MY,Malaysia,"Thumbnail, Video preview, People also ask",150,0,,0,0,36,https://www.idrissischool.edu.my/,,2025-02-27 04:44:36,true,true,true,true,false,false
colouring competition,MY,Malaysia,"People also ask, Thumbnail, Sitelinks",60,0,,0,0,29,https://www.idrissischool.edu.my/2021/08/10/colouring-competition/,,2025-03-22 10:25:13,false,false,false,true,false,false
imperial international school ipoh,MY,Malaysia,"Sitelinks, People also ask, Video preview",200,0,,0,0,40,https://www.idrissischool.edu.my/,,2025-02-27 18:37:40,true,true,true,true,false,false
preschool setia alam,MY,Malaysia,"Local pack, Thumbnail, Video preview",50,0,,0,0,35,https://www.idrissischool.edu.my/setiaalam/nature-based-preschool/,,2025-03-17 01:03:36,false,true,false,true,true,false
islamic international school,MY,Malaysia,"Local pack, Thumbnail, Video preview",20,26,,0,0,27,https://www.idrissischool.edu.my/,,2025-03-06 03:40:19,false,false,false,true,false,false
idrissi,BE,Belgium,"Thumbnail, People also ask, Knowledge panel, Video preview",60,0,,0,0,33,https://www.idrissischool.edu.my/,,2025-03-18 11:02:53,false,false,false,true,false,false
real international school fees,MY,Malaysia,People also ask,50,0,,0,0,35,https://www.idrissischool.edu.my/setiaalam/school-fees/,,2025-03-06 11:38:29,false,false,false,true,true,false
real school malaysia,MY,Malaysia,"Sitelinks, Local pack, People also ask, Video preview",30,2,,0,0,33,https://www.idrissischool.edu.my/,,2025-03-18 11:08:35,true,false,false,true,true,false
school holiday august,MY,Malaysia,,10,1,,0,0,29,https://www.idrissischool.edu.my/johorbahru/wp-content/uploads/2024/08/JB-Academic-Calendar.pdf,,2025-02-26 23:29:43,false,false,false,true,false,false
public holiday 2024 johor bahru,MY,Malaysia,"Sitelinks, Knowledge panel, Video preview",10,0,,0,0,29,https://www.idrissischool.edu.my/johorbahru/wp-content/uploads/2024/08/JB-Academic-Calendar.pdf,,2025-02-28 08:14:05,false,true,false,true,false,false
school holidays 2024 selangor,MY,Malaysia,Thumbnail,20,0,,0,0,32,https://www.idrissischool.edu.my/setiaalam/wp-content/uploads/2024/08/SA-Academic-Calendar.pdf.pdf,,2025-03-07 14:50:37,false,true,false,true,false,false
malaysia school holiday 2024/2025,SG,Singapore,People also ask,30,1,,0,0,34,https://www.idrissischool.edu.my/johorbahru/wp-content/uploads/2024/08/JB-Academic-Calendar.pdf,,2025-03-09 07:50:17,false,false,false,true,false,false
mcdonald’s educity iskandar puteri,MY,Malaysia,"Thumbnail, Video preview",20,0,,0,0,33,https://www.idrissischool.edu.my/johorbahru/school-tour/,,2025-02-24 23:28:34,true,true,true,false,true,false
edquest international school,MY,Malaysia,"Sitelinks, Video preview, People also ask",100,0,,0,0,42,https://www.idrissischool.edu.my/,,2025-02-28 19:26:15,true,false,true,true,false,false
idrissi,GR,Greece,"Thumbnail, Knowledge panel, Videos",10,2,0.61,0,0,28,https://www.idrissischool.edu.my/,,2025-03-22 15:39:20,false,false,false,true,false,false
malaysia school holiday 2024/2025,MY,Malaysia,"AI overview, People also ask",3000,1,,0,0,58,https://www.idrissischool.edu.my/johorbahru/wp-content/uploads/2024/08/JB-Academic-Calendar.pdf,,2025-03-23 01:59:03,false,false,false,true,false,false
ideas international school,MY,Malaysia,Local pack,70,0,,0,0,41,https://www.idrissischool.edu.my/,,2025-03-21 18:56:48,true,false,true,true,false,false
school holiday 2024/2025 malaysia,MY,Malaysia,People also ask,80,1,,0,0,42,https://www.idrissischool.edu.my/setiaalam/wp-content/uploads/2024/08/SA-Academic-Calendar.pdf.pdf,,2025-03-23 09:35:36,false,false,false,true,false,false
private school in selangor,US,United States,"Local pack, Thumbnail, People also ask",30,17,,0,0,38,https://www.idrissischool.edu.my/,,2025-02-26 14:24:15,false,true,false,true,true,false
real school johor,MY,Malaysia,"Sitelinks, Video preview, People also ask",40,2,,0,0,40,https://www.idrissischool.edu.my/johorbahru/,,2025-03-06 10:05:14,true,true,false,true,true,false
jb international school,US,United States,"Local pack, Thumbnail, People also ask, Video preview",10,0,,0,0,36,https://www.idrissischool.edu.my/johorbahru/,,2025-03-13 18:00:51,true,false,true,true,false,false
ardence international school,MY,Malaysia,"Sitelinks, Video preview",10,0,,0,0,37,https://www.idrissischool.edu.my/,,2025-02-27 15:03:50,true,false,true,true,false,false
imas international school,MY,Malaysia,"Sitelinks, Thumbnail, Local pack, Knowledge panel, People also ask, Video preview",100,1,,0,0,48,https://www.idrissischool.edu.my/,,2025-02-24 04:43:09,true,false,true,true,false,false
malaysia school holiday 2024/2025 pdf,MY,Malaysia,"Sitelinks, People also ask",40,2,,0,0,43,https://www.idrissischool.edu.my/johorbahru/wp-content/uploads/2024/08/JB-Academic-Calendar.pdf,,2025-03-22 06:28:38,false,false,false,true,false,false
principal school,MY,Malaysia,"People also ask, Video preview",150,6,,0,0,49,https://www.idrissischool.edu.my/setiaalam/principals-message/,,2025-03-03 06:58:07,false,false,false,true,false,false
family day game,MY,Malaysia,"Thumbnail, Video preview",70,0,0.18,0,0,46,https://www.idrissischool.edu.my/setiaalam/2023/10/24/familyday2023/,,2025-02-27 20:25:32,false,false,false,true,false,false
2024/2025 malaysia school holiday,MY,Malaysia,,150,2,,0,0,49,https://www.idrissischool.edu.my/johorbahru/wp-content/uploads/2024/08/JB-Academic-Calendar.pdf,,2025-03-02 07:57:44,false,true,false,true,false,false
yuran international school,MY,Malaysia,"People also ask, Video preview",80,3,,0,0,47,https://www.idrissischool.edu.my/setiaalam/school-fees/,,2025-03-01 20:57:14,true,false,false,true,true,false
mdis educity,MY,Malaysia,"Sitelinks, People also ask, Video preview, Knowledge panel",60,2,,0,0,46,https://www.idrissischool.edu.my/johorbahru/campus-facilities/,,2025-03-03 11:22:10,true,true,true,true,false,false
dashmesh international school,MY,Malaysia,"Sitelinks, People also ask, Video preview",10,0,,0,0,39,https://www.idrissischool.edu.my/,,2025-03-18 09:33:55,true,false,true,true,false,false
cambridge international school malaysia,MY,Malaysia,"People also ask, Knowledge panel, Thumbnail, Video preview",60,0,,0,0,46,https://www.idrissischool.edu.my/setiaalam/the-examinations/,,2025-02-24 15:30:03,true,false,false,true,false,false
private school in johor bahru,US,United States,"Local pack, Thumbnail, Video preview",0,46,,0,0,34,https://www.idrissischool.edu.my/johorbahru/,,2025-03-19 10:15:12,false,true,false,true,true,false
international arabic school,MY,Malaysia,"People also ask, Knowledge panel",30,0,,0,0,44,https://www.idrissischool.edu.my/,,2025-03-21 13:21:46,true,false,true,true,false,false
international school puchong,MY,Malaysia,"Local pack, Thumbnail, Video preview",70,17,,0,0,49,https://www.idrissischool.edu.my/,,2025-03-19 06:38:04,false,true,false,true,true,false
private school ipoh,MY,Malaysia,"Local pack, Thumbnail, People also ask, Video preview",100,26,,0,0,51,https://www.idrissischool.edu.my/,,2025-02-24 15:12:29,false,true,false,true,true,false
malaysia school holiday 2024/25,MY,Malaysia,"AI overview, People also ask",250,4,,0,0,56,https://www.idrissischool.edu.my/johorbahru/wp-content/uploads/2024/08/JB-Academic-Calendar.pdf,,2025-03-19 01:11:43,false,false,false,true,false,false
johor school holiday 2023,MY,Malaysia,,40,1,,0,0,47,https://www.idrissischool.edu.my/johorbahru/wp-content/uploads/2023/10/JB-Academic-Calendar-2023-2024.pdf,,2025-02-26 19:21:18,false,true,false,true,false,false
islamic school,MY,Malaysia,"Local pack, Thumbnail, Video preview",60,26,,0,0,43,https://www.idrissischool.edu.my/,,2025-03-18 10:00:46,false,false,false,true,true,false
international school in ipoh,MY,Malaysia,"Local pack, Thumbnail, Video preview",150,7,,0,0,56,https://www.idrissischool.edu.my/,,2025-02-26 05:26:31,false,true,false,true,true,false
my school holiday,MY,Malaysia,"People also ask, Sitelinks",60,0,,0,0,50,https://www.idrissischool.edu.my/2020/09/23/how-to-enjoy-your-last-bits-of-school-holiday/,,2025-03-22 04:23:02,false,false,false,true,false,false
malaysia school holiday 2024/2025,AU,Australia,People also ask,50,0,,0,0,49,https://www.idrissischool.edu.my/johorbahru/wp-content/uploads/2024/08/JB-Academic-Calendar.pdf,,2025-03-14 01:23:19,false,false,false,true,false,false
cambridge school malaysia,MY,Malaysia,"People also ask, Thumbnail, Video preview, Knowledge panel",40,0,,0,0,49,https://www.idrissischool.edu.my/setiaalam/the-examinations/,,2025-02-25 22:08:53,false,false,false,true,true,false
international islamic school uniform,IN,India,"Thumbnail, People also ask, Video preview",100,0,,0,0,54,https://www.idrissischool.edu.my/,,2025-03-17 03:38:42,false,false,false,true,false,false
public holiday 2023 johor bahru,SG,Singapore,Knowledge panel,0,2,,0,0,33,https://www.idrissischool.edu.my/johorbahru/wp-content/uploads/2023/10/JB-Academic-Calendar-2023-2024.pdf,,2025-03-06 17:02:21,false,true,false,true,false,false
sanctus international school,MY,Malaysia,"Sitelinks, People also ask, Video preview",10,0,,0,0,45,https://www.idrissischool.edu.my/,,2025-02-24 02:23:22,true,false,true,true,false,false
islamic international school fees,IN,India,"People also ask, Video preview",30,0,,0,0,49,https://www.idrissischool.edu.my/setiaalam/school-fees/,,2025-03-19 17:18:02,true,false,false,true,true,false
international school holiday 2024,MY,Malaysia,AI overview,10,0,,0,0,46,https://www.idrissischool.edu.my/setiaalam/academic-calendar/,,2025-02-28 23:31:54,false,false,false,true,false,false
idrissi,DZ,Algeria,"Thumbnail, People also ask",30,4,,0,0,50,https://www.idrissischool.edu.my/,,2025-03-22 03:57:58,false,false,false,true,false,false
uniform sekolah swasta di malaysia,MY,Malaysia,"Thumbnail, Sitelinks, Video preview",50,0,,0,0,56,https://www.idrissischool.edu.my/,,2025-03-15 08:21:18,false,true,false,true,false,false
2024/2025 school holiday malaysia,MY,Malaysia,"People also ask, Sitelinks",150,1,,0,0,61,https://www.idrissischool.edu.my/setiaalam/wp-content/uploads/2024/08/SA-Academic-Calendar.pdf.pdf,,2025-03-23 01:18:17,false,false,false,true,false,false
school holiday 2023 johor,MY,Malaysia,"Thumbnail, Video preview",30,1,,0,0,55,https://www.idrissischool.edu.my/johorbahru/wp-content/uploads/2024/08/JB-Academic-Calendar.pdf,,2025-02-24 02:17:26,false,true,false,true,false,false
2024/25 school holiday malaysia,MY,Malaysia,People also ask,60,3,,0,0,58,https://www.idrissischool.edu.my/johorbahru/wp-content/uploads/2024/08/JB-Academic-Calendar.pdf,,2025-02-24 13:23:54,false,false,false,true,false,false
johor school holidays 2023,SG,Singapore,"People also ask, Video preview",20,0,,0,0,56,https://www.idrissischool.edu.my/johorbahru/wp-content/uploads/2023/10/JB-Academic-Calendar-2023-2024.pdf,,2025-03-07 00:51:56,false,true,false,true,false,false
malaysia school holiday 2024/25,SG,Singapore,"AI overview, People also ask",100,1,,0,0,66,https://www.idrissischool.edu.my/johorbahru/wp-content/uploads/2024/08/JB-Academic-Calendar.pdf,,2025-03-22 23:16:55,false,false,false,true,false,false
international school near me,MY,Malaysia,"Local pack, Sitelinks, Thumbnail, People also ask",2100,46,,0,0,82,https://www.idrissischool.edu.my/johorbahru/,,2025-03-22 23:39:44,false,true,false,true,true,false
iium schools sdn bhd,MY,Malaysia,"Sitelinks, Local pack, Video preview",20,0,,0,0,59,https://www.idrissischool.edu.my/,,2025-03-16 10:48:54,true,false,true,false,false,false
calendar 2023 cuti sekolah,MY,Malaysia,"Thumbnail, Video preview",0,0,,0,0,46,https://www.idrissischool.edu.my/setiaalam/academic-calendar/,,2025-02-26 10:33:44,false,false,false,true,false,false
johor school holidays 2023,MY,Malaysia,Sitelinks,0,2,,0,0,51,https://www.idrissischool.edu.my/johorbahru/wp-content/uploads/2023/10/JB-Academic-Calendar-2023-2024.pdf,,2025-03-20 21:49:28,false,true,false,true,false,false
international secondary school,MY,Malaysia,"Local teaser, Thumbnail, People also ask, Video preview",70,24,,0,0,67,https://www.idrissischool.edu.my/setiaalam/secondary-school/,,2025-03-14 05:52:43,false,false,false,true,false,false
segi international school,MY,Malaysia,Local pack,40,9,,0,0,65,https://www.idrissischool.edu.my/,,2025-03-22 16:35:45,true,false,true,true,false,false
school website,MY,Malaysia,"People also ask, Thumbnail, Knowledge panel",90,66,,0,0,67,https://www.idrissischool.edu.my/,,2025-03-02 18:58:09,false,false,true,true,false,false
nexus international school malaysia fees,MY,Malaysia,"Top ads, People also ask",100,0,,0,0,69,https://www.idrissischool.edu.my/setiaalam/school-fees/,,2025-03-15 04:30:47,true,false,false,true,true,false
public holiday 2023 johor bahru,MY,Malaysia,Knowledge panel,0,5,,0,0,53,https://www.idrissischool.edu.my/johorbahru/wp-content/uploads/2023/10/JB-Academic-Calendar-2023-2024.pdf,,2025-03-06 06:04:07,false,true,false,true,false,false
international school uniform malaysia,MY,Malaysia,"People also ask, Thumbnail",90,0,,0,0,71,https://www.idrissischool.edu.my/,,2025-03-23 00:35:31,false,false,false,true,false,false
iism school,MY,Malaysia,"Sitelinks, Local pack, Video preview",60,0,,0,0,70,https://www.idrissischool.edu.my/,,2025-02-28 06:25:17,true,false,true,true,false,false
islamic international school,PK,Pakistan,Local pack,40,4,,0,0,65,https://www.idrissischool.edu.my/,,2025-03-02 08:21:25,true,false,false,true,false,false
arrows international school,MY,Malaysia,People also ask,1600,0,,0,0,85,https://www.idrissischool.edu.my/,,2025-03-22 00:44:01,true,false,true,true,false,false
educity login,KE,Kenya,,40,28,,0,0,71,https://www.idrissischool.edu.my/,,2025-03-05 11:57:10,true,false,true,false,false,false
boarding schools in malaysia,MY,Malaysia,"People also ask, Video preview",30,33,0.29,0,0,73,https://www.idrissischool.edu.my/johorbahru/boarding-2/,,2025-03-17 05:47:19,false,false,false,true,true,false
international school holiday,MY,Malaysia,,60,0,,0,0,76,https://www.idrissischool.edu.my/setiaalam/academic-calendar/,,2025-03-15 21:36:46,false,false,false,true,false,false
school holiday 2024/25,MY,Malaysia,Featured snippet,150,0,,0,0,81,https://www.idrissischool.edu.my/setiaalam/wp-content/uploads/2024/08/SA-Academic-Calendar.pdf.pdf,,2025-02-27 05:15:09,false,false,false,true,false,false
kalendar sekolah 2023/24,MY,Malaysia,Video preview,0,1,,0,0,59,https://www.idrissischool.edu.my/setiaalam/academic-calendar/,,2025-03-01 20:02:03,false,false,false,true,false,false
setia alam to melaka,MY,Malaysia,"Thumbnail, Video preview",30,0,,0,0,77,https://www.idrissischool.edu.my/,,2025-03-15 23:42:31,false,true,false,true,false,false
the best international school in malaysia,MY,Malaysia,"People also ask, Thumbnail, Videos, Video preview",50,18,,0,0,83,https://www.idrissischool.edu.my/setiaalam/,,2025-02-27 12:31:08,false,false,false,true,true,false
international school qatar,QA,Qatar,"Local pack, Thumbnail",100,54,0.48,0,0,88,https://www.idrissischool.edu.my/2022/03/02/idrissi-abroad/,,2025-03-13 08:17:20,false,false,false,true,true,false
international school qatar,US,United States,"Local pack, Thumbnail",20,56,,0,0,81,https://www.idrissischool.edu.my/2022/03/02/idrissi-abroad/,,2025-03-05 12:58:51,false,false,false,true,true,false
integrated islamic school shah alam,MY,Malaysia,"Sitelinks, Local pack, Video preview",30,0,,0,0,15,https://www.idrissischool.edu.my/,,2025-03-13 11:55:54,true,true,true,false,false,false
real school logo,MY,Malaysia,,80,0,,0,0,88,https://www.idrissischool.edu.my/,,2025-03-22 06:00:12,false,false,true,true,false,false
international school terengganu,MY,Malaysia,"Local pack, Thumbnail, Video preview",70,0,,0,0,89,https://www.idrissischool.edu.my/,,2025-03-03 09:48:59,false,true,false,true,true,false
school family day theme,PH,Philippines,"People also ask, Thumbnail, Video preview",40,0,,0,0,86,https://www.idrissischool.edu.my/setiaalam/2023/10/24/familyday2023/,,2025-03-14 05:24:28,false,false,false,true,false,false
peninsula education setia alam,MY,Malaysia,"Sitelinks, Local pack, Video preview",10,0,,0,0,78,https://www.idrissischool.edu.my/,,2025-03-07 08:20:09,true,true,true,true,false,false
sekolah antarabangsa,MY,Malaysia,"Featured snippet, Thumbnail, Knowledge panel, Video preview",100,0,,0,0,91,https://www.idrissischool.edu.my/,,2025-03-05 18:41:36,false,false,false,true,false,false
checkpoint results,MY,Malaysia,Video preview,250,5,,0,0,98,https://www.idrissischool.edu.my/2021/08/16/checkpoint-2021/,,2025-03-02 14:05:36,false,false,true,true,false,false
igcse results 2023 malaysia,MY,Malaysia,"People also ask, Sitelinks",0,3,0.26,0,0,77,https://www.idrissischool.edu.my/setiaalam/academic-success/,,2025-03-20 10:46:28,false,false,false,true,false,false
school holidays 2024 to 2025,MY,Malaysia,People also ask,30,0,,0,0,92,https://www.idrissischool.edu.my/johorbahru/wp-content/uploads/2024/08/JB-Academic-Calendar.pdf,,2025-03-10 14:11:15,false,false,false,true,false,false
term break,MY,Malaysia,People also ask,30,2,,0,0,95,https://www.idrissischool.edu.my/johorbahru/wp-content/uploads/2024/08/JB-Academic-Calendar.pdf,,2025-03-21 17:20:32,false,false,false,true,false,false
private school uniforms malaysia,MY,Malaysia,"Thumbnail, People also ask",30,0,,0,0,97,https://www.idrissischool.edu.my/,,2025-03-02 22:50:09,false,false,false,true,false,false
school online,MY,Malaysia,"Top ads, People also ask, Videos",20,47,,0,0,97,https://www.idrissischool.edu.my/2021/09/07/full-online-schooling/,,2025-03-18 14:40:08,false,false,false,true,true,false
malaysia school holiday 2022/2023,MY,Malaysia,,0,0,,0,0,90,https://www.idrissischool.edu.my/wp-content/uploads/2022/08/SAAcademic-Calendar-2022-2023.pdf,,2025-03-15 09:13:03,false,false,false,true,false,false
tahfiz,MY,Malaysia,"Local pack, Thumbnail",600,9,0.46,0,0,55,https://www.idrissischool.edu.my/setiaalam/online-tahfiz-programme/,,2025-03-20 22:49:46,false,false,false,true,false,false
school holiday 2020,MY,Malaysia,"Featured snippet, Video preview",4100,1,,0,0,56,https://www.idrissischool.edu.my/2020/09/23/how-to-enjoy-your-last-bits-of-school-holiday/,,2025-03-19 04:06:04,false,false,false,true,false,false
real international school,MY,Malaysia,"Sitelinks, Local pack, People also ask, Video preview, Bottom ads",100,1,,0,0,40,https://www.idrissischool.edu.my/,,2025-03-11 03:03:20,false,false,true,true,false,false
idrissi,US,United States,"Thumbnail, Knowledge panel, Videos",3700,2,,0,0,37,https://www.idrissischool.edu.my/,,2025-03-23 09:02:04,false,false,false,true,false,false
malaysia holiday 2023 johor bahru,SG,Singapore,"People also ask, Knowledge panel, Video preview",0,5,0.12,0,0,73,https://www.idrissischool.edu.my/johorbahru/wp-content/uploads/2023/10/JB-Academic-Calendar-2023-2024.pdf,,2025-03-05 15:44:09,false,true,false,true,false,false
international family day 2023,AE,United Arab Emirates,"People also ask, Video preview, Knowledge panel",,27,,0,0,77,https://www.idrissischool.edu.my/setiaalam/2023/10/24/familyday2023/,,2025-02-25 18:15:50,false,false,false,false,false,false
selangor school holiday 2023,MY,Malaysia,,,0,,0,0,49,https://www.idrissischool.edu.my/wp-content/uploads/2022/08/SAAcademic-Calendar-2022-2023.pdf,,2025-02-25 11:58:51,false,false,false,false,false,false
school holidays 2023 johor,SG,Singapore,"People also ask, Video preview",,2,,0,0,34,https://www.idrissischool.edu.my/johorbahru/wp-content/uploads/2023/10/JB-Academic-Calendar-2023-2024.pdf,,2025-03-14 04:19:22,false,false,false,false,false,false
firhan aqil,SG,Singapore,Video preview,0,0,,0,0,41,https://www.idrissischool.edu.my/setiaalam/student-hall-of-fame-2019/,,2025-03-16 17:59:05,false,false,false,true,false,false
school holidays 2023 johor,MY,Malaysia,"People also ask, Video preview",,1,,0,0,71,https://www.idrissischool.edu.my/johorbahru/wp-content/uploads/2023/10/JB-Academic-Calendar-2023-2024.pdf,,2025-03-02 02:28:46,false,false,false,false,false,false
school term 2023,MY,Malaysia,People also ask,,1,,0,0,49,https://www.idrissischool.edu.my/johorbahru/wp-content/uploads/2024/08/JB-Academic-Calendar.pdf,,2025-02-25 18:09:16,false,false,false,false,false,false
international schools in johor bahru,US,United States,"Local pack, Thumbnail, People also ask, Discussions and forums, Video preview",,18,,0,0,20,https://www.idrissischool.edu.my/johorbahru/,,2025-03-17 16:32:17,false,false,false,false,false,false
johor calendar 2023,MY,Malaysia,Video preview,0,1,,0,0,42,https://www.idrissischool.edu.my/johorbahru/academic-calendar/,,2025-03-02 22:01:49,false,true,false,true,false,false
school holiday johor 2023,SG,Singapore,,,2,,0,0,15,https://www.idrissischool.edu.my/johorbahru/wp-content/uploads/2023/10/JB-Academic-Calendar-2023-2024.pdf,,2025-02-28 04:06:47,false,false,false,false,false,false
school holiday johor 2023,MY,Malaysia,Video preview,,1,,0,0,50,https://www.idrissischool.edu.my/setiaalam/academic-calendar/,,2025-02-26 16:34:44,false,false,false,false,false,false
malaysia school holiday 2020,MY,Malaysia,"Featured snippet, Video preview",0,2,,0,0,95,https://www.idrissischool.edu.my/2020/09/23/how-to-enjoy-your-last-bits-of-school-holiday/,,2025-03-04 08:08:48,false,false,false,true,false,false
malaysia international school holiday 2023,MY,Malaysia,People also ask,,0,,0,0,96,https://www.idrissischool.edu.my/setiaalam/academic-calendar/,,2025-02-28 00:01:26,false,false,false,false,false,false
school holiday calendar 2023 malaysia,MY,Malaysia,People also ask,,2,,0,0,62,https://www.idrissischool.edu.my/setiaalam/academic-calendar/,,2025-03-15 14:03:35,false,false,false,false,false,false
malaysia primary school holiday 2023,MY,Malaysia,People also ask,0,2,,0,0,91,https://www.idrissischool.edu.my/setiaalam/academic-calendar/,,2025-03-02 05:27:24,false,false,false,true,false,false
malaysia school holiday 2022 selangor,MY,Malaysia,"Featured snippet, People also ask",0,2,,0,0,33,https://www.idrissischool.edu.my/wp-content/uploads/2021/08/SAAcademicCalendar20212022.pdf,,2024-12-28 09:41:20,false,true,false,true,false,false
funfiesta show timing,IN,India,Video preview,,0,,0,0,12,https://www.idrissischool.edu.my/setiaalam/fun-fiesta/,,2025-03-14 00:32:43,false,false,false,false,false,false
johor school holiday 2023,SG,Singapore,"People also ask, Video preview",,1,,0,0,57,https://www.idrissischool.edu.my/johorbahru/wp-content/uploads/2024/08/JB-Academic-Calendar.pdf,,2025-03-02 04:13:20,false,false,false,false,false,false
malaysia school holiday 2023 johor,SG,Singapore,,,3,,0,0,48,https://www.idrissischool.edu.my/johorbahru/wp-content/uploads/2023/10/JB-Academic-Calendar-2023-2024.pdf,,2025-03-05 10:46:15,false,false,false,false,false,false
malaysia school holiday 2023 johor,MY,Malaysia,Video preview,,3,,0,0,54,https://www.idrissischool.edu.my/johorbahru/wp-content/uploads/2023/10/JB-Academic-Calendar-2023-2024.pdf,,2025-03-19 07:21:12,false,false,false,false,false,false
calendar 2023 johor,MY,Malaysia,"Thumbnail, Video preview",,1,,0,0,26,https://www.idrissischool.edu.my/setiaalam/academic-calendar/,,2025-02-24 11:21:26,false,false,false,false,false,false
2023 school holiday johor,MY,Malaysia,"Sitelinks, Thumbnail",,0,,0,0,26,https://www.idrissischool.edu.my/johorbahru/wp-content/uploads/2023/10/JB-Academic-Calendar-2023-2024.pdf,,2025-03-21 04:01:41,false,false,false,false,false,false
book access setia alam,MY,Malaysia,"Thumbnail, Video preview, People also ask",,2,,0,0,100,https://www.idrissischool.edu.my/setiaalam/terms-and-conditions/,,2025-03-02 20:55:31,false,false,false,false,false,false
kalendar 2023 johor,MY,Malaysia,Thumbnail,0,0,,0,0,54,https://www.idrissischool.edu.my/setiaalam/academic-calendar/,,2025-03-19 01:56:10,false,true,false,true,false,false
school calendar 2023 malaysia,MY,Malaysia,People also ask,,0,,0,0,62,https://www.idrissischool.edu.my/johorbahru/wp-content/uploads/2023/10/JB-Academic-Calendar-2023-2024.pdf,,2025-03-05 17:09:31,false,false,false,false,false,false
school holiday 2022 johor bahru,MY,Malaysia,Video preview,0,2,,0,0,71,https://www.idrissischool.edu.my/2020/09/23/how-to-enjoy-your-last-bits-of-school-holiday/,,2025-03-14 16:36:17,false,true,false,true,false,false
school holiday september 2023,MY,Malaysia,People also ask,,2,,0,0,34,https://www.idrissischool.edu.my/johorbahru/wp-content/uploads/2023/10/JB-Academic-Calendar-2023-2024.pdf,,2025-03-01 12:04:48,false,false,false,false,false,false
johor bahru public holiday 2023,MY,Malaysia,Knowledge panel,,4,,0,0,33,https://www.idrissischool.edu.my/johorbahru/wp-content/uploads/2023/10/JB-Academic-Calendar-2023-2024.pdf,,2025-03-13 21:11:06,false,false,false,false,false,false
school holiday 2023 2024,MY,Malaysia,,,3,,0,0,80,https://www.idrissischool.edu.my/johorbahru/wp-content/uploads/2024/08/JB-Academic-Calendar.pdf,,2025-02-27 19:31:02,false,false,false,false,false,false
2023 public holiday johor bahru,MY,Malaysia,"People also ask, Knowledge panel",,0,,0,0,83,https://www.idrissischool.edu.my/johorbahru/wp-content/uploads/2023/10/JB-Academic-Calendar-2023-2024.pdf,,2025-03-03 06:07:21,false,false,false,false,false,false
2023 school holiday selangor,MY,Malaysia,Video preview,0,1,,0,0,85,https://www.idrissischool.edu.my/wp-content/uploads/2022/08/SAAcademic-Calendar-2022-2023.pdf,,2025-03-02 14:21:59,false,true,false,true,false,false
genius aulad fees 2023,MY,Malaysia,"People also ask, Video preview",0,0,,0,0,35,https://www.idrissischool.edu.my/setiaalam/media-mentions-2017/,,2025-03-19 04:56:37,true,false,false,true,true,false
kalendar school holiday 2023,MY,Malaysia,,,0,,0,0,98,https://www.idrissischool.edu.my/setiaalam/academic-calendar/,,2025-02-25 07:49:50,false,false,false,false,false,false
malaysia public holiday 2023 johor bahru,MY,Malaysia,"People also ask, Knowledge panel",0,7,,0,0,85,https://www.idrissischool.edu.my/johorbahru/wp-content/uploads/2023/10/JB-Academic-Calendar-2023-2024.pdf,,2025-03-03 13:02:52,false,true,false,true,false,false
malaysia public holiday 2023 johor bahru,SG,Singapore,"People also ask, Knowledge panel",0,7,,0,0,94,https://www.idrissischool.edu.my/johorbahru/wp-content/uploads/2023/10/JB-Academic-Calendar-2023-2024.pdf,,2025-03-07 08:57:34,false,true,false,true,false,false
selangor calendar 2023,MY,Malaysia,,,1,,0,0,54,https://www.idrissischool.edu.my/setiaalam/academic-calendar/,,2025-02-24 06:42:36,false,false,false,false,false,false
"school holiday 2023 near johor bahru, johor",MY,Malaysia,"Sitelinks, Thumbnail",,2,,0,0,13,https://www.idrissischool.edu.my/johorbahru/wp-content/uploads/2023/10/JB-Academic-Calendar-2023-2024.pdf,,2025-03-20 13:53:28,false,false,false,false,false,false
"real private and international schools, johor bahru campus photos",MY,Malaysia,"Thumbnail, Video preview, People also ask",,0,,0,0,19,https://www.idrissischool.edu.my/johorbahru/,,2025-03-16 07:10:33,false,false,false,false,false,false
family day 2023,MY,Malaysia,"People also ask, Knowledge panel, Video preview",,0,,0,0,15,https://www.idrissischool.edu.my/setiaalam/2023/10/24/familyday2023/,,2025-03-13 10:42:41,false,false,false,false,false,false
school year end 2023,MY,Malaysia,People also ask,,1,,0,0,23,https://www.idrissischool.edu.my/johorbahru/wp-content/uploads/2023/10/JB-Academic-Calendar-2023-2024.pdf,,2025-03-13 11:03:08,false,false,false,false,false,false
school holiday 2020 malaysia,MY,Malaysia,"Featured snippet, Video preview",,1,,0,0,89,https://www.idrissischool.edu.my/2020/09/23/how-to-enjoy-your-last-bits-of-school-holiday/,,2025-03-14 23:09:36,false,false,false,false,false,false
email about family day,MY,Malaysia,"People also ask, Video preview",0,0,,0,0,24,https://www.idrissischool.edu.my/setiaalam/2023/10/24/familyday2023/,,2025-03-16 16:27:54,false,false,false,true,false,false
fraser hill haunted,MY,Malaysia,"Thumbnail, People also ask, Video preview",,0,,0,0,33,https://www.idrissischool.edu.my/setiaalam/2020/09/28/fraser-hills-camping-trip/,,2025-03-02 18:55:02,false,false,false,false,false,false
aster preschool,MY,Malaysia,"Thumbnail, Video preview, People also ask",,0,,0,0,67,https://www.idrissischool.edu.my/setiaalam/nature-based-preschool/,,2025-03-14 12:19:44,false,false,false,false,false,false
calendar selangor 2023,MY,Malaysia,Thumbnail,0,1,,0,0,52,https://www.idrissischool.edu.my/setiaalam/academic-calendar/,,2025-02-26 12:11:36,false,true,false,true,false,false
malaysia school holiday 2023 selangor,MY,Malaysia,,,2,,0,0,61,https://www.idrissischool.edu.my/setiaalam/academic-calendar/,,2025-03-01 03:15:50,false,false,false,false,false,false
international school holiday malaysia 2023,MY,Malaysia,People also ask,,0,,0,0,47,https://www.idrissischool.edu.my/setiaalam/academic-calendar/,,2025-03-14 00:53:14,false,false,false,false,false,false
malaysia school holiday 2023 johor bahru,SG,Singapore,"People also ask, Video preview",,3,,0,0,81,https://www.idrissischool.edu.my/johorbahru/wp-content/uploads/2023/10/JB-Academic-Calendar-2023-2024.pdf,,2025-02-27 10:58:03,false,false,false,false,false,false
malaysia school holiday 2023 johor bahru,MY,Malaysia,Sitelinks,,2,,0,0,42,https://www.idrissischool.edu.my/johorbahru/wp-content/uploads/2023/10/JB-Academic-Calendar-2023-2024.pdf,,2025-03-23 12:18:09,false,false,false,false,false,false
international integrated tahfiz,MY,Malaysia,Video preview,,0,,0,0,27,https://www.idrissischool.edu.my/setiaalam/online-tahfiz-programme/,,2025-03-02 16:41:05,false,false,false,false,false,false
school holiday dec 2023,MY,Malaysia,"Featured snippet, People also ask, Video preview",0,2,,0,0,41,https://www.idrissischool.edu.my/johorbahru/wp-content/uploads/2023/10/JB-Academic-Calendar-2023-2024.pdf,,2025-03-17 21:54:03,false,false,false,true,false,false
jb school holiday 2023,MY,Malaysia,,,1,,0,0,20,https://www.idrissischool.edu.my/johorbahru/wp-content/uploads/2023/10/JB-Academic-Calendar-2023-2024.pdf,,2025-03-03 06:57:29,false,false,false,false,false,false
school holidays 2023 sabah,MY,Malaysia,"People also ask, Video preview",,1,,0,0,90,https://www.idrissischool.edu.my/wp-content/uploads/2022/08/SAAcademic-Calendar-2022-2023.pdf,,2025-01-24 22:48:47,false,false,false,false,false,false
international school in johor,US,United States,"Local pack, Thumbnail, Discussions and forums, Video preview",,35,,0,0,20,https://www.idrissischool.edu.my/johorbahru/,,2025-03-13 10:21:36,false,false,false,false,false,false
international school in johor bahru,US,United States,"Local pack, Thumbnail, Discussions and forums, Video preview",,37,,0,0,19,https://www.idrissischool.edu.my/johorbahru/,,2025-03-15 07:52:22,false,false,false,false,false,false
