Keyword,SERP features,Volume,KD,CPC,sekolahtinta.edu.my/: Traffic,sekolahtinta.edu.my/: Position,sekolahtinta.edu.my/: URL,kingsgate.edu.my/: Traffic,kingsgate.edu.my/: Position,kingsgate.edu.my/: URL,Updated
international school selangor,"Local pack, Thumbnail, People also ask",500,41,,,,,21,9,https://www.kingsgate.edu.my/,2025-03-19 17:26:39
job application form malaysia,,200,0,0.27,,,,9,10,https://www.kingsgate.edu.my/wp-content/uploads/2021/12/kgis_job_application.pdf,2025-02-24 18:23:07
bukit jalil international school,"Local pack, Thumbnail, Video preview",150,17,,,,,17,6,https://www.kingsgate.edu.my/,2025-03-18 09:25:53
international school in selangor,"Local pack, Thumbnail, People also ask",150,41,,,,,17,5,https://www.kingsgate.edu.my/,2025-03-14 08:22:06
international school bukit jalil,"Local pack, Thumbnail, Video preview",150,3,,,,,19,5,https://www.kingsgate.edu.my/,2025-02-26 11:59:00
kingsway international school,"Sitelinks, Video preview, People also ask",150,0,,,,,13,4,https://www.kingsgate.edu.my/kingsgate-fees/,2025-02-27 05:12:51
nursery school near me,"Local pack, Thumbnail, People also ask",150,6,0.17,,,,9,7,https://www.kingsgate.edu.my/nursery-kindergarten/,2025-03-02 14:56:06
international kindergarten,"Local pack, Thumbnail, Video preview",150,1,0.37,,,,16,4,https://www.kingsgate.edu.my/nursery-kindergarten/,2025-03-13 21:01:20
international preschool near me,"Local pack, Thumbnail, People also ask, Sitelinks",150,11,0.39,,,,13,5,https://www.kingsgate.edu.my/nursery-kindergarten/,2025-03-22 17:58:16
kingsgate,"Sitelinks, People also ask, Video preview",100,26,1.96,,,,47,1,https://www.kingsgate.edu.my/,2025-03-18 05:23:12
kingsgate international school reviews,"AI overview, Thumbnail, Knowledge panel, People also ask, Video preview",100,12,,,,,5,1,https://www.kingsgate.edu.my/,2025-03-18 06:34:01
kingsway international secondary school,"Sitelinks, People also ask, Video preview",100,0,,,,,3,9,https://www.kingsgate.edu.my/kingsgate-fees/,2025-03-16 06:53:29
kings international school,"Sitelinks, People also ask, Video preview",100,2,,,,,15,3,https://www.kingsgate.edu.my/,2025-03-04 01:15:46
international school seri kembangan,"Local pack, Thumbnail, Video preview",90,12,,,,,6,7,https://www.kingsgate.edu.my/,2025-03-16 17:27:18
international school uniform in malaysia,"People also ask, Thumbnail",70,0,,,,,7,4,https://www.kingsgate.edu.my/uniforms/,2025-03-03 18:21:47
kingsgate international school photos,People also ask,70,3,,,,,24,1,https://www.kingsgate.edu.my/,2025-03-22 04:05:53
malaysia international school uniform,"Thumbnail, People also ask",60,0,,,,,4,6,https://www.kingsgate.edu.my/uniforms/,2025-02-24 14:23:34
kingston international school,"Sitelinks, Knowledge panel",60,15,,,,,7,3,https://www.kingsgate.edu.my/,2025-03-22 16:06:35
seri kembangan international school,"Local pack, Thumbnail",60,17,,,,,2,9,https://www.kingsgate.edu.my/,2025-03-21 00:05:28
international kindergarten near me,"Local pack, Thumbnail, Video preview",60,15,0.33,,,,6,5,https://www.kingsgate.edu.my/nursery-kindergarten/,2025-03-18 06:59:14
kingsway international school fees,Knowledge panel,60,0,,,,,9,2,https://www.kingsgate.edu.my/kingsgate-fees/,2025-03-22 09:19:22
kingsgate international school fees,People also ask,50,39,,,,,35,1,https://www.kingsgate.edu.my/kingsgate-fees/,2025-03-10 11:20:09
international school in bukit jalil,"Local pack, Thumbnail, Sitelinks, Video preview",50,36,,,,,4,6,https://www.kingsgate.edu.my/,2025-03-13 11:40:59
silverbull sdn bhd,,40,0,,,,,15,1,https://www.kingsgate.edu.my/contact-us/,2025-02-27 00:18:18
school tour,Video preview,40,0,,,,,5,3,https://www.kingsgate.edu.my/book-a-school-tour/,2025-03-03 02:32:20
international preschool & kindergarten,"Thumbnail, People also ask, Video preview",30,2,0.36,,,,4,3,https://www.kingsgate.edu.my/nursery-kindergarten/,2025-03-06 03:45:35
best international school in selangor,"Local pack, People also ask, Thumbnail, Discussions and forums",20,40,,,,,2,5,https://www.kingsgate.edu.my/,2025-03-15 05:33:42
kingsgate international school,"Sitelinks, Thumbnail, People also ask, Video preview",0,11,,,,,0,1,https://www.kingsgate.edu.my/,2025-02-24 23:20:55
